지점,일시,평균기온(°C),최저기온(°C),최저기온 시각(hhmi),최고기온(°C),최고기온 시각(hhmi),강수 계속시간(hr),10분 최다 강수량(mm),10분 최다강수량 시각(hhmi),1시간 최다강수량(mm),1시간 최다 강수량 시각(hhmi),일강수량(mm),최대 순간 풍속(m/s),최대 순간 풍속 풍향(16방위),최대 순간풍속 시각(hhmi),최대 풍속(m/s),최대 풍속 풍향(16방위),최대 풍속 시각(hhmi),평균 풍속(m/s),풍정합(100m),평균 이슬점온도(°C),최소 상대습도(%),최소 상대습도 시각(hhmi),평균 상대습도(%),평균 증기압(hPa),평균 현지기압(hPa),최고 해면기압(hPa),최고 해면기압 시각(hhmi),최저 해면기압(hPa),최저 해면기압 시각(hhmi),평균 해면기압(hPa),가조시간(hr),합계 일조시간(hr),1시간 최다일사 시각(hhmi),1시간 최다일사량(MJ/m2),합계 일사량(MJ/m2),일 최심신적설(cm),일 최심신적설 시각(hhmi),일 최심적설(cm),일 최심적설 시각(hhmi),합계 3시간 신적설(cm),평균 전운량(1/10),평균 중하층운량(1/10),평균 지면온도(°C),최저 초상온도(°C),평균 5cm 지중온도(°C),평균 10cm 지중온도(°C),평균 20cm 지중온도(°C),평균 30cm 지중온도(°C),0.5m 지중온도(°C),1.0m 지중온도(°C),1.5m 지중온도(°C),3.0m 지중온도(°C),5.0m 지중온도(°C),합계 대형증발량(mm),합계 소형증발량(mm),9-9강수(mm),안개 계속시간(hr)
156,2023-01-01,1.3,-2.9,724,7,1409,,,,,,,5.2,320,1530,2.3,50,1404,.8,683,-5.2,39,1731,64.6,4.2,1022.5,1033,2239,1029.5,1529,1031.4,9.8,7.5,1200,1.78,9.97,,,8,1,,1,.6,-.5,-8.5,,,,,,,,,,1.3,1.9,,
156,2023-01-02,-.2,-2.5,718,3.2,1348,,,,,,,7.2,90,1406,2.8,50,447,1.8,1523,-10.5,21,1319,47.4,2.8,1023.3,1034.2,942,1030.3,1458,1032.3,9.9,8.7,1200,2.01,12.42,,,6.5,1,,3.6,.5,-.8,-8.1,,,,,,,,,,1.5,2.2,,
156,2023-01-03,.2,-3.2,745,4.8,1431,,,,,,,6.7,50,1406,3.7,50,1415,1.6,1342,-7.6,40,1400,57,3.5,1021.9,1032.2,307,1028.9,1510,1030.9,9.9,9.1,1200,2.11,12.47,,,5.8,1,,.8,0,-1.1,-8.9,,,,,,,,,,1.5,2.1,,
156,2023-01-04,.4,-4.1,616,5.4,1430,,,,,,,5.4,70,143,3.1,70,149,.6,557,-6.2,43,355,62.4,4,1022.5,1032.8,1027,1030.1,1613,1031.4,9.9,6.1,1200,1.81,9.63,,,4.6,1,,1.9,1.1,-.8,-9.9,,,,,,,,,,1,1.4,,
156,2023-01-05,3,-.5,59,8,1532,,,,,,,2.3,320,1725,1.2,250,1451,.3,286,-1.2,49,1535,75.3,5.6,1021.9,1032.6,926,1029,1412,1030.7,9.9,5.1,1300,1.63,8.95,,,2.5,1,,6.3,4.5,2.4,-6.4,,,,,,,,,,1,1.4,,
156,2023-01-06,3.7,-1.2,549,8.4,1444,2.25,,,,,2.4,5.5,290,2400,2.4,250,2319,.5,397,.5,55,1447,81.4,6.4,1014.4,1029.9,1,1017.4,2250,1023.2,9.9,6.6,1200,1.84,9.93,,,,,,4.9,2.5,4,-6.9,,,,,,,,,,1.2,1.7,,
156,2023-01-07,4.6,1.2,2400,7.3,1436,,,,,,,7.5,70,1337,2.9,50,1337,1.3,1087,-3.8,41,1440,54.8,4.6,1012.8,1025.4,2342,1017.7,30,1021.6,9.9,3.3,1400,1.24,6.52,,,,,,4.4,3.6,3.8,-5.6,,,,,,,,,,1,1.4,,
156,2023-01-08,3.2,-2.3,806,9.1,1509,,,,,,,2.8,270,1349,1.6,270,1352,.5,436,-3.2,33,1513,66.4,4.9,1016.7,1028.1,906,1024,1614,1025.6,9.9,8.3,1200,1.88,11.42,,,,,,0,0,2.5,-7.9,,,,,,,,,,1.3,1.8,,
156,2023-01-09,3.9,.4,2336,11.5,1402,,,,,,,6.1,320,1448,2.8,340,1503,.7,646,-1.5,47,1842,68.3,5.6,1016.1,1028.1,2342,1022.3,1423,1024.9,9.9,4.4,1300,1.61,7.84,,,,,,4.1,3.6,3.7,-6.8,,,,,,,,,,1.1,1.6,,
156,2023-01-10,3.8,-2.6,706,10.9,1518,,,,,,,3.4,90,331,1.7,50,10,.6,515,-3.9,32,1353,59.6,4.6,1019.5,1030.9,940,1026.8,1617,1028.4,10,8.2,1200,2.12,12.73,,,,,,2.3,0,2.7,-9.8,,,,,,,,,,1.5,2.1,,
156,2023-01-11,5.5,-.2,638,13,1522,,,,,,,3.6,270,1421,1.5,250,1441,.4,359,-1.4,29,1349,64.6,5.5,1017.5,1028.2,855,1024.1,1636,1026.2,10,8.6,1200,2.06,12.07,,,,,,1.3,0,4.2,-6.2,,,,,,,,,,1.6,2.2,,
156,2023-01-12,9.5,.7,457,16.5,1417,2.98,,,,,.1,5.6,200,2325,2.8,230,2252,.6,527,4,39,1230,70.8,8.7,1013.2,1025.2,208,1016.8,2354,1021.7,10,5.9,1200,2.07,10.83,,,,,,4.5,3.1,6.3,-5.9,,,,,,,,,,1.4,2,,
156,2023-01-13,14.3,11.5,2352,16.1,1027,10.2,,,,,24.2,8.5,180,429,4,180,436,1.5,1336,13.6,92,1,95.9,15.6,1003.4,1016.9,4,1009.6,1426,1011.7,10,0,1200,.48,2.63,,,,,,9.8,6.6,13.3,11.4,,,,,,,,,,.5,.7,,
156,2023-01-14,8,5.4,2201,11.5,1,.73,,,,,0,5.3,320,1625,2.3,270,2008,.8,685,7.1,89,1341,94,10.1,1005.1,1017.2,2255,1010.7,452,1013.7,10,0,1300,.64,3.23,,,,,,9.6,9.1,9.3,5.9,,,,,,,,,,.5,.7,,
156,2023-01-15,1.9,-.2,2314,5.6,1,2.58,,,,,0,8.9,320,928,3.4,50,1900,1.7,1459,-2.3,53,2205,74.4,5.4,1010.9,1022.1,2229,1016.6,1,1019.7,10,0,1300,.59,3.03,,,,,,9.9,7.8,3.4,-.4,,,,,,,,,,.8,1.1,,
156,2023-01-16,-1,-3.8,2338,2.1,1419,,,,,,,8.8,20,519,4,50,553,2.1,1806,-9.2,41,1542,54,3.1,1016.4,1027.2,2030,1021.6,3,1025.4,10.1,8.8,1300,2.29,13.49,,,,,,3.1,3.1,3,-7.9,,,,,,,,,,1.5,2.1,,
156,2023-01-17,-.4,-4.8,734,4.4,1524,,,,,,,6.8,70,507,3.5,70,507,1.4,1239,-9.4,30,1313,52.1,3,1018.2,1029,254,1025.1,1546,1027.1,10.1,8.4,1300,2.15,12.81,,,,,,2.3,1.8,1.6,-9.3,,,,,,,,,,1.4,2.1,,
156,2023-01-18,.9,-2.8,544,4.9,1400,,,,,,,4.6,340,1500,2.1,270,1513,.5,471,-4.5,50,1404,68,4.4,1017.7,1028.4,924,1025.2,1603,1026.6,10.1,5.7,1300,1.49,9.54,,,,,,4.5,4.5,1.1,-8.3,,,,,,,,,,.9,1.3,,
156,2023-01-19,2.6,-1.6,323,7.3,1435,,,,,,,6.9,290,1537,4,270,1544,.8,711,-4.2,34,1436,63.9,4.5,1016.2,1027.5,958,1023,1504,1025,10.1,6.5,1100,2,11.26,,,,,,4.8,4.8,2.6,-8.1,,,,,,,,,,1.4,2,,
156,2023-01-20,.7,-3.4,2344,4.4,949,2.25,,,,,0,10.2,50,1324,4.3,50,1123,1.7,1469,-8,33,1426,52.9,3.5,1019.4,1032.1,2218,1024,324,1028.4,10.2,7.4,1400,1.85,11.17,,,,,,5.1,3.4,2.2,-8.7,,,,,,,,,,1.5,2.2,,
156,2023-01-21,-.9,-5.3,746,4.7,1548,,,,,,,5.9,70,354,3.2,70,611,1.8,1593,-12.4,23,1459,43.3,2.4,1021,1032.3,1012,1027.4,2358,1030,10.2,9.2,1200,2.34,14.2,,,,,,4,0,1.4,-9.5,,,,,,,,,,1.8,2.5,,
156,2023-01-22,2.6,-1.9,156,6.6,1412,,,,,,,6,70,1603,3.2,70,1607,1.2,1036,-10.3,22,1606,38.8,2.8,1016.4,1028.4,336,1022.6,1724,1025.3,10.2,0,1200,.92,5.26,,,,,,9.4,7.8,1.1,-8.1,,,,,,,,,,1.2,1.7,,
156,2023-01-23,3.1,-1.4,745,9.7,1338,1.25,,,,,0,8.4,270,1717,3.3,50,2256,1.3,1127,-4.9,31,1500,57.6,4.3,1014.4,1025.7,2351,1018.7,1445,1023.2,10.2,6.6,1200,2.14,12.26,,,,,,4.8,1.5,3.3,-7.4,,,,,,,,,,1.8,2.6,,
156,2023-01-24,-7.7,-9.9,2334,-.4,1,18.93,,,,,.1,11.2,20,209,5,50,1034,2.9,2548,-13.6,40,220,63.5,2.2,1019.5,1032.4,2339,1025.4,326,1028.7,10.3,2.4,1300,1.56,8.33,2.5,1050,2.5,1050,2.7,7.9,7.1,-1.1,-10.8,,,,,,,,,,.8,1.1,,
156,2023-01-25,-7.9,-13.4,640,-1.8,1542,,,,,,,8,70,37,4.8,50,43,1.9,1621,-19,18,1415,42.9,1.4,1021.6,1034.6,1004,1026.8,2156,1030.8,10.3,9.2,1200,2.48,15.65,,,2,1,,0,0,-2.4,-16.2,,,,,,,,,,1.3,1.9,,
156,2023-01-26,-2.7,-7.4,19,.6,1345,1.47,,,,,0,2.8,70,1913,1.8,70,1918,.5,409,-8.3,47,31,66.8,3.5,1015.2,1028.2,31,1021.3,1622,1024.2,10.3,0,1300,.84,3.67,,,,,,9.4,8.4,-1.3,-11.7,,,,,,,,,,.6,.8,,
156,2023-01-27,-2.8,-4.5,2042,-.3,42,3.42,,,,,0,10,20,1416,5.5,50,1221,2.5,2176,-10.7,35,1258,56.1,2.8,1014.3,1024.8,2027,1021.1,452,1023.3,10.3,7.3,1100,2.26,13.02,,,,,,3.9,3.6,.5,-9,,,,,,,,,,1.4,2,,
156,2023-01-28,-2.8,-7.7,650,1.9,1339,6.25,,,,,0,8.1,70,48,3.9,70,850,1.5,1303,-10.2,27,1030,59,3,1014.7,1025.5,935,1022.4,1414,1023.7,10.4,6.7,1200,2.34,12.56,,,,,,5.3,5,-.7,-13.1,,,,,,,,,,1.1,1.6,,
156,2023-01-29,1.3,-3.5,655,6.2,1548,1.18,,,,,0,7,250,1558,3.7,270,1558,1,901,-3.9,38,1552,70,4.6,1012.6,1023.6,926,1019.2,1833,1021.5,10.4,7.4,1200,2.36,12.8,,,,,,3.9,3.9,.8,-10.2,,,,,,,,,,1.4,2,,
156,2023-01-30,1.8,-1.3,608,6.3,1357,,,,,,,8.6,320,1457,3.7,50,1544,1.2,1079,-11.9,14,1304,38.6,2.6,1015.5,1026.8,1003,1021.2,1,1024.3,10.4,9.4,1200,2.46,15.66,,,,,,0,0,3,-8.2,,,,,,,,,,2.1,2.9,,
156,2023-01-31,3.7,-3.7,642,11.5,1405,,,,,,,7.7,270,1422,3.9,250,1437,1,906,-4.6,26,1218,56.5,4.5,1011.2,1024.6,21,1016.9,2349,1020,10.4,9.3,1200,2.36,14.97,,,,,,.8,.8,2.9,-10,,,,,,,,,,2,2.9,,
156,2023-02-01,3.9,-.8,2315,10.7,1236,,,,,,,8.8,340,1743,3.6,50,2144,1.4,1230,-4.2,27,1408,58.1,4.7,1011.2,1025.1,2318,1016.4,544,1020,10.5,8.5,1200,2.25,13.56,,,,,,5.3,2,4.3,-4.9,,,,,,,,,,2.2,3.1,,
156,2023-02-02,.7,-2.5,626,6.3,1416,,,,,,,7.4,70,521,3.4,70,524,1.8,1529,-12.3,11,1421,39.8,2.5,1017.5,1028.9,1110,1024.3,1513,1026.4,10.5,6.2,1100,2.24,13.01,,,,,,6.3,0,2.7,-6,,,,,,,,,,1.7,2.4,,
156,2023-02-03,.9,-1.5,2233,5.6,1454,,,,,,,6.1,320,1715,2.7,50,1730,1.4,1195,-12.2,14,1246,38.1,2.4,1015,1025.2,7,1021.7,1528,1023.9,10.5,8.3,1200,2.39,14.67,,,,,,3.1,2,4.2,-7.7,,,,,,,,,,2,2.8,,
156,2023-02-04,1.6,-2.5,720,7.3,1457,,,,,,,6.2,20,1448,2.7,20,1328,.9,778,-7.2,30,1335,54.3,3.6,1016.9,1027.4,1047,1024.3,1448,1025.8,10.6,9.5,1200,2.29,14.5,,,,,,0,0,3.2,-9.8,,,,,,,,,,1.7,2.4,,
156,2023-02-05,2.8,-3.4,746,11.1,1538,,,,,,,3.7,270,1324,2,250,1328,.6,549,-10.4,8,1717,45.9,3,1016.5,1027.7,932,1022.6,1642,1025.3,10.6,9.7,1200,2.51,16.61,,,,,,0,0,4.2,-10.7,,,,,,,,,,2.3,3.3,,
156,2023-02-06,5.2,-2.6,720,13,1401,,,,,,,2.7,270,1449,1.7,270,1512,.6,554,-11.5,5,1622,34.9,2.7,1012.8,1024.5,234,1018.5,1639,1021.5,10.6,5.8,1200,2.5,12.84,,,,,,5.1,2.1,3.7,-10.1,,,,,,,,,,1.9,2.8,,
156,2023-02-07,6.1,.2,640,14.1,1417,,,,,,,4.4,290,1436,1.9,290,1411,.7,599,-7.9,7,1611,41,3.5,1011.7,1023,2313,1018.7,1532,1020.4,10.7,7.8,1200,2.41,14.67,,,,,,2.3,0,5.9,-6.1,,,,,,,,,,2.2,3.2,,
156,2023-02-08,4.5,-.2,629,11.4,1457,,,,,,,6.3,70,1616,3.1,20,1622,1,883,-6,13,1544,53.3,4.1,1017.8,1028.9,2345,1022.9,8,1026.6,10.7,9,1300,2.39,15.53,,,,,,2.8,.3,6.1,-7.2,,,,,,,,,,2.5,3.6,,
156,2023-02-09,5.9,.1,735,12.7,1348,3.85,,,,,2.1,7.7,200,1438,4.4,180,1447,1.6,1424,-4.1,27,1337,52.3,4.7,1016.6,1029,821,1021,2358,1025.4,10.7,3.7,1100,1.58,9.76,,,,,,9.1,7.4,5.2,-5.9,,,,,,,,,,1.5,2.2,,
156,2023-02-10,4.8,1.6,133,10,1340,4.43,,,,,6.6,7.9,70,27,4.6,70,27,1.6,1369,1.6,51,1625,82,6.9,1011.5,1023.3,2143,1017.7,540,1020.2,10.8,5.2,1300,2.32,11.93,,,,,,5.6,4.6,6,-3.9,,,,,,,,,,1.4,2,,
156,2023-02-11,4.3,.2,658,8.7,1536,,,,,,,5.8,70,44,3.5,70,37,.9,794,.8,57,1542,79.3,6.5,1014.6,1025.2,1000,1021,435,1023.4,10.8,1.9,1100,1.68,7.96,,,,,,5.9,3.8,3.4,-5.8,,,,,,,,,,.9,1.2,,
156,2023-02-12,5.2,.2,642,8.9,1524,2.05,,,,,.8,6.6,50,1738,3.3,50,1743,1,873,.4,44,1747,73.4,6.3,1011.5,1024.5,841,1015,1723,1020.3,10.8,1.3,1000,1.44,6.56,,,,,,7.9,4.8,3.5,-5.7,,,,,,,,,,1,1.4,,
156,2023-02-13,7.3,3.6,2320,12.5,1441,,,,,,,6.5,320,1708,2.5,70,52,1.1,975,2,44,1428,70.6,7.1,1008.8,1020.2,2342,1014.6,109,1017.4,10.9,3.8,1400,1.78,11.06,,,,,,7,6.1,8.2,-.7,,,,,,,,,,1.5,2.1,,
156,2023-02-14,3.3,-.9,2346,8.6,1434,,,,,,,7.6,340,1647,3.2,320,1632,1.1,963,-3.8,29,1535,62.4,4.7,1013.9,1025,2237,1020.2,1,1022.7,10.9,9,1200,2.59,16.55,,,,,,2.9,2.4,5.2,-6.2,,,,,,,,,,1.9,2.7,,
156,2023-02-15,3,-.6,150,6.2,1504,.05,,,,,0,3.3,270,2023,1.7,50,1511,.5,435,-3.6,51,1507,62.3,4.7,1019.7,1031.8,2316,1024.8,1,1028.5,10.9,0,1200,1.19,6.32,,,,,,9,8,3.3,-6.1,,,,,,,,,,.8,1.1,,
156,2023-02-16,4.4,1.5,2356,8.4,1302,1.13,,,,,0,5.1,290,1313,2.9,270,1318,.7,617,-1.3,52,1304,66.8,5.6,1022.1,1032.8,1055,1029.5,2316,1031,11,1.6,1100,1.64,9.04,,,,,,6.1,5.8,5,-4.9,,,,,,,,,,1,1.5,,
156,2023-02-17,5.2,.1,514,9.3,1510,1.17,,,,,0,3.9,70,348,2.2,70,350,.7,607,-3.2,27,1513,58.9,4.9,1018.5,1030.2,114,1024.6,2239,1027.3,11,0,1300,1.45,6.62,,,,,,9.4,7.6,4.8,-4.5,,,,,,,,,,1,1.5,,
156,2023-02-18,8.3,6.1,122,9.8,1419,7.52,,,,,2.1,2.6,290,1439,1.4,70,133,.2,190,5.5,44,1,83.8,9.1,1011.7,1024.8,1,1017.7,2400,1020.3,11,0,900,.39,2.58,,,,,,9.9,8,7.9,5.5,,,,,,,,,,.4,.6,,.5
156,2023-02-19,4.5,.1,2344,8.5,10,4.62,,,,,1.4,8.2,360,1437,3.6,50,1324,1.9,1617,-1.2,29,1624,69.8,6.1,1012.5,1025.3,2400,1017.1,337,1021.3,11.1,4.9,1400,2.5,10.55,,,,,,4.9,4.5,7.6,-4.9,,,,,,,,,,1.5,2.2,,.72
156,2023-02-20,1.5,-1.3,2341,8,1216,,,,,,,11.3,50,1501,5.6,20,1507,1.8,1573,-8.1,20,1554,52.4,3.5,1018.8,1031.8,2358,1024.9,503,1027.7,11.1,9.9,1300,2.78,18.06,,,,,,1.3,1.3,3.4,-8.1,,,,,,,,,,2.6,3.7,,
156,2023-02-21,.4,-4.5,626,6.3,1551,,,,,,,7.6,50,14,4,50,23,1.7,1450,-14,9,1440,36.1,2.1,1025.2,1036.4,1022,1031.8,1,1034.2,11.1,10.2,1200,2.75,18.52,,,,,,.8,0,2.7,-10.6,,,,,,,,,,2.3,3.4,,
156,2023-02-22,3.8,-2.7,605,11.9,1415,1.58,,,,,.8,6.6,270,1450,3.7,270,1438,1,841,-5,33,1157,54.5,4.4,1021.3,1034.8,2,1026.7,1713,1030.1,11.2,7.7,1100,2.59,16.85,,,,,,5.3,3.3,5.5,-8.8,,,,,,,,,,2,2.9,,
156,2023-02-23,5.4,.4,722,11.3,1524,2.43,,,,,1,5.8,70,733,3.2,70,637,1.3,1160,-3.3,27,1547,58.6,4.9,1015.3,1027.2,1,1021.2,1710,1024.1,11.2,9,1200,2.8,17.93,,,,,,6.6,4.1,8,-1.2,,,,,,,,,,2.5,3.5,,
156,2023-02-24,6,1.5,2400,12.4,1355,,,,,,,9,320,1550,4.4,50,1345,1.5,1295,-5.9,21,1401,44.3,4,1016.2,1029.2,2315,1022,42,1024.9,11.2,9.4,1200,2.72,17.62,,,,,,3.4,2,7.8,-3.5,,,,,,,,,,2.8,4,,
156,2023-02-25,1.9,-.9,454,6.9,1321,,,,,,,8.1,290,1647,3.8,50,1202,1.6,1363,-10.5,20,1409,40.4,2.8,1023.8,1036.6,2337,1029.1,1,1032.8,11.3,10.3,1200,2.91,19.56,,,,,,1.3,1.3,5,-7.4,,,,,,,,,,2.4,3.4,,
156,2023-02-26,3,-2.8,557,10.7,1550,,,,,,,5,270,1449,2.8,70,947,1.2,1020,-11.7,7,1341,38.3,2.7,1028,1038.9,849,1034.9,1541,1036.9,11.3,10.5,1200,2.93,20.12,,,,,,0,0,5.5,-9.7,,,,,,,,,,3,4.3,,
156,2023-02-27,5.7,-1.9,638,15.2,1517,,,,,,,5.7,290,1402,3.1,250,1318,.8,718,-8.8,3,1601,41.5,3.3,1025.6,1037.3,843,1031.6,1721,1034.4,11.4,10.6,1200,3,20.45,,,,,,0,0,7.1,-9.4,,,,,,,,,,3.6,5.2,,
156,2023-02-28,8.1,-.5,655,16.5,1614,,,,,,,6.7,270,1235,3.4,230,1405,1.1,948,0,30,1406,59.3,6.2,1019.3,1032.2,1,1024.1,1723,1027.9,11.4,10.2,1200,2.95,19.94,,,,,,1.8,1.8,9.1,-7.9,,,,,,,,,,2.8,4,,
156,2023-03-01,8.3,4.4,2339,12.9,1425,,,,,,,7.9,340,1500,3.9,50,1714,1.1,976,-1.4,28,2053,54,6.1,1014.1,1025.8,2316,1019.9,1422,1022.8,11.4,4.7,1400,2.16,12.41,,,,,,5.3,5.3,10.5,-.9,,,,,,,,,,2.4,3.4,,
156,2023-03-02,3.5,-.4,2324,7.5,1511,,,,,,,8.4,20,530,4.7,50,548,2.2,1930,-12.6,14,1435,32.6,2.5,1019.8,1030.8,2215,1025.6,1,1028.6,11.4,10.5,1200,3.01,21.04,,,,,,0,0,7.5,-7.4,,,,,,,,,,3.2,4.5,,
156,2023-03-03,5.1,-2.3,625,13.8,1411,,,,,,,7.5,320,1744,2.6,340,1749,1.1,912,-10.6,14,1453,35.6,2.8,1019.8,1030.8,904,1025.7,1558,1028.6,11.5,10.3,1200,2.91,20.23,,,,,,1.4,0,7.9,-9.5,,,,,,,,,,3,4.3,,
156,2023-03-04,8.5,1.9,549,17,1341,,,,,,,5.2,320,1621,2.7,70,2017,.9,735,-7.2,9,1427,36.5,3.7,1019.5,1029.9,1008,1025.9,1523,1028.2,11.5,7.6,1300,2.91,18.53,,,,,,5.4,0,11.4,-3.3,,,,,,,,,,3.2,4.5,,
156,2023-03-05,9.3,2.5,648,17.4,1558,,,,,,,5.5,290,1630,2.5,250,1531,.7,625,-2.4,19,1429,46,5.2,1018.8,1030.2,916,1024.4,1656,1027.4,11.6,9.8,1300,2.67,18.31,,,,,,1.9,0,11.3,-3.9,,,,,,,,,,2.8,4,,
156,2023-03-06,9.9,2.5,650,18.2,1422,,,,,,,5.4,290,1526,3.4,270,1757,1.2,1075,-1.1,15,1448,52.5,5.8,1015.9,1027.1,849,1021.7,1704,1024.5,11.6,10.4,1200,2.91,20.23,,,,,,0,0,12,-5,,,,,,,,,,3.6,5.1,,
156,2023-03-07,13.1,5.5,624,21.5,1538,,,,,,,8.6,290,1340,5.2,200,1657,1.7,1472,1.4,23,1402,48.9,6.8,1013.7,1023.9,909,1020.4,1451,1022.2,11.6,9,1300,2.62,17.33,,,,,,.8,0,13.7,.1,,,,,,,,,,3.7,5.3,,
156,2023-03-08,14.5,6.8,650,20.5,1524,,,,,,,10.5,290,1543,5.3,230,1701,1.8,1580,4.1,18,1313,52.3,8.3,1011.8,1023,840,1017.9,1653,1020.2,11.7,10,1100,2.54,18.22,,,,,,2.6,1.3,15.7,-.5,,,,,,,,,,3.8,5.4,,
156,2023-03-09,15.6,10.5,2357,22.2,1605,,,,,,,6.2,320,1708,3.4,180,213,1.5,1315,9.1,30,1606,67.3,11.6,1007.9,1019.3,2343,1013.7,1501,1016.2,11.7,7,1300,2.5,15.87,,,,,,3.1,3.1,17.1,4.2,,,,,,,,,,2.5,3.6,,
156,2023-03-10,15.3,6.7,625,25,1432,,,,,,,6.3,230,1806,2.9,200,1443,1,901,3,12,1320,51.5,7.7,1011.5,1021.8,2313,1017.9,1626,1019.9,11.7,9.6,1200,2.72,18.59,,,,,,0,0,16.4,.8,,,,,,,,,,3.7,5.3,,
156,2023-03-11,16.5,9.3,634,24.6,1339,,,,,,,5.9,270,1434,3.6,270,1437,1,859,-.4,8,1327,37,6.2,1014.1,1024.2,923,1021,1543,1022.4,11.8,7.4,1200,2.71,17.03,,,,,,5.1,0,16.5,2.6,,,,,,,,,,3.8,5.5,,
156,2023-03-12,8.8,2.1,2349,16.8,859,4.7,,,,,10.7,10.2,320,1937,3.5,200,909,1.4,1196,3.1,38,2338,69.6,8.5,1013.6,1026.6,2220,1017.7,906,1022.2,11.8,.7,800,.98,3.79,,,,,,7.4,4.6,10.5,-.5,,,,,,,,,,1,1.4,,
156,2023-03-13,5.3,1,630,11,1506,,,,,,,6.4,50,152,3.3,50,1013,1.4,1178,-12.6,11,1237,27.5,2.4,1015.2,1026.9,849,1020.9,1928,1024,11.9,10.7,1200,3.19,22.66,,,,,,.8,.8,6.2,-3.8,,,,,,,,,,3.1,4.5,,
156,2023-03-14,9.9,1.3,657,18.9,1423,,,,,,,9.2,230,1431,5.2,230,1412,1.9,1648,-2.6,16,1313,44.5,5.3,1011.3,1022,4,1017,1628,1019.8,11.9,10.8,1200,3.18,22.78,,,,,,1,1,9.8,-4.9,,,,,,,,,,4.2,6,,
156,2023-03-15,14,8,2349,22.1,1344,,,,,,,10.6,270,1253,5.9,200,1150,2.3,1977,5.7,25,1441,61.8,9.3,1012.7,1025.3,2359,1019,1355,1021.2,11.9,9,1300,3.1,19.83,,,,,,5.1,5.1,16.1,2.8,,,,,,,,,,4.2,5.9,,
156,2023-03-16,8.7,3.8,706,15.2,1412,,,,,,,8.4,70,539,5.2,50,1322,2.5,2181,-14.8,1,1256,22.3,2.2,1018.6,1029.5,926,1025.2,23,1027.2,12,9.4,1200,3.1,20.8,,,,,,5,0,13.4,.4,,,,,,,,,,6.3,8.9,,
156,2023-03-17,9.4,5.2,554,12.5,1532,,,,,,,6.3,70,714,3.2,70,641,1.4,1169,-9.4,18,1052,26,3.1,1013.9,1026.8,5,1019.4,2351,1022.5,12,0,1000,1.39,7.88,,,,,,9.1,6.3,10.9,3.2,,,,,,,,,,1.7,2.5,,
156,2023-03-18,10.3,6.1,2337,16.4,1412,,,,,,,7.1,340,1631,2.8,320,1633,1,869,-8.7,10,1322,27.9,3.3,1011,1021.9,2214,1017.3,1452,1019.6,12,8.4,1200,3.13,20.89,,,,,,3.5,3.4,15.9,-.9,,,,,,,,,,3.8,5.4,,
156,2023-03-19,9.7,4,503,18.3,1515,,,,,,,4.2,70,1208,2.4,270,1927,.8,699,-3.4,9,1447,45.1,5,1011.7,1023.7,924,1017.2,1627,1020.3,12.1,10.5,1200,3.16,22.49,,,,,,2.6,0,15.6,-2.6,,,,,,,,,,3.4,4.9,,
156,2023-03-20,11.3,3.3,647,19.3,1547,,,,,,,6.9,290,1448,3.7,270,1516,1,831,-1.2,16,1243,47.9,5.7,1007.6,1019,101,1013.4,1743,1016.1,12.1,8.8,1200,3.12,21.56,,,,,,4.8,1.6,16,-3.1,,,,,,,,,,3.8,5.4,,
156,2023-03-21,16.3,9.8,701,24.5,1510,,,,,,,6.5,230,1714,3.8,230,1738,1.1,934,1.1,17,1146,38.4,6.8,1003.1,1015.1,1,1008.1,1654,1011.4,12.1,10.2,1100,2.91,21.22,,,,,,4,2.9,21.6,5.8,,,,,,,,,,3.9,5.6,,
156,2023-03-22,16.2,11,639,22.1,1147,4.33,,,,,1.6,5.6,200,1334,3.1,200,1509,.9,759,11.4,52,1148,75.4,13.9,1001.1,1012.3,758,1006.6,2358,1009.4,12.2,3.8,1100,2.02,11.3,,,,,,7.1,5,17.1,5.5,,,,,,,,,,1.7,2.5,,
156,2023-03-23,14.7,9.8,2354,17.8,1505,12.72,,,,,22.5,5.5,340,1654,2.2,70,140,.9,788,13.2,80,2241,91.1,15.4,998.3,1012.2,2329,1003.6,502,1006.7,12.2,.2,1100,1.32,7.38,,,,,,9.9,7,16.6,9.1,,,,,,,,,,1.2,1.7,,
156,2023-03-24,10.4,8,656,14.7,1420,,,,,,,4.7,200,1645,2.9,200,1724,1.1,957,4.6,54,1406,68.3,8.5,1007.3,1019.8,2313,1011.9,257,1015.8,12.3,0,1400,1.31,7.35,,,,,,7.9,7.9,13.1,5.3,,,,,,,,,,1.3,1.8,,
156,2023-03-25,10.7,7.4,543,13.9,1512,.03,,,,,0,3.8,70,1238,2.2,50,1259,.6,552,6.8,63,1233,77,10,1010.2,1020.9,1024,1016.8,1854,1018.7,12.3,.1,1200,1.39,7.5,,,,,,8.9,8.9,13.1,6.3,,,,,,,,,,1.1,1.6,,
156,2023-03-26,9.9,5.5,2333,16.1,1331,.63,,,,,0,7.9,320,1519,2.8,340,1524,1.2,1069,-4.5,11,1801,43.9,5.2,1009.6,1022.5,2323,1016.1,1440,1018.1,12.3,9.4,1200,3.17,22.32,,,,,,4.1,3,13.5,-1.5,,,,,,,,,,4.1,5.8,,
156,2023-03-27,8.1,2.5,630,15.4,1534,,,,,,,6.6,340,1257,2.8,70,523,1.5,1281,-10.5,8,1347,29,2.9,1013.8,1024.5,2228,1020.1,1611,1022.5,12.4,11.2,1200,3.39,25.17,,,,,,1.8,0,11.3,-3.7,,,,,,,,,,4.8,6.9,,
156,2023-03-28,10.1,3.1,625,17,1400,,,,,,,6.3,270,1517,2.7,70,6,.8,682,-3.4,16,1155,40.9,4.9,1016,1026.9,1030,1022.8,1622,1024.5,12.4,7.8,1200,2.9,18.82,,,,,,1.6,1.6,11.3,-2.9,,,,,,,,,,2.9,4.1,,
156,2023-03-29,12.9,4.5,604,22.2,1416,,,,,,,5.8,340,1444,2.6,230,1958,.7,583,-1.3,8,1418,46.3,5.8,1013.8,1024.5,839,1019,1808,1022.2,12.4,11.2,1200,3.32,24.01,,,,,,2.5,0,14.2,-1.9,,,,,,,,,,4.3,6.1,,
156,2023-03-30,14.7,6.8,623,23.3,1439,,,,,,,5.9,290,1714,2.7,270,1416,.5,413,-1.1,15,1302,40.3,5.9,1010.9,1022.1,16,1016.3,1640,1019.3,12.5,8.1,1100,2.51,18.35,,,,,,7.1,0,15.8,.7,,,,,,,,,,3.2,4.5,,
156,2023-03-31,16.3,8.4,651,25.2,1434,,,,,,,6.9,340,1738,2.4,290,1553,.7,635,-5.6,1,1419,28.8,4.5,1009.7,1020.7,924,1014.6,1628,1018,12.5,11,1200,3.38,24.83,,,,,,.8,0,18.1,1.6,,,,,,,,,,6.1,8.7,,
156,2023-04-01,16.9,8.6,619,26.9,1451,,,,,,,6.8,290,1737,3.5,270,1739,.9,755,-4.1,6,1351,28.1,4.7,1007.5,1017.9,56,1012.6,1555,1015.8,12.6,11.2,1200,3.16,23.41,,,,,,1.9,0,18.2,1.4,,,,,,,,,,5.6,8.1,,
156,2023-04-02,17.5,9.6,635,25.3,1437,,,,,,,9,70,1612,5.3,70,1739,1.9,1684,-5.2,1,1403,25.5,4.5,1009.5,1020.6,2354,1015.5,1600,1017.8,12.6,11.5,1200,3.35,25.34,,,,,,0,0,19.3,2.5,,,,,,,,,,8.1,11.5,,
156,2023-04-03,17.9,10.4,455,25.9,1508,,,,,,,9.3,70,1351,4.4,70,1055,2.1,1819,-3.9,7,1241,25.9,4.8,1012.7,1022.9,904,1018.9,1620,1021,12.6,11.4,1200,3.46,24.87,,,,,,4,0,19.7,1.9,,,,,,,,,,6.7,9.6,,
156,2023-04-04,15.9,12.7,633,20.1,1313,8.57,1.2,1844,3.6,2141,12.8,14.3,200,2317,7.4,180,2321,2.1,1836,7.9,38,731,62.3,11.2,1010.1,1022.1,20,1014.5,2339,1018.4,12.7,1.4,1200,1.66,10.84,,,,,,9.3,2.6,17.3,6.1,,,,,,,,,,2.1,3,,
156,2023-04-05,13.6,9.3,2349,16.6,1116,15.3,1.1,847,5.7,811,34.2,13.6,200,127,5.2,180,147,3.2,2744,12.7,84,37,94.5,14.9,1002.6,1014.8,1,1008.9,1511,1011,12.7,0,1000,.37,2.76,,,,,,10,8.8,14.7,9.4,,,,,,,,,,.6,.8,,
156,2023-04-06,9.6,7.8,2351,11.6,1436,18.95,.5,2116,2,2109,6.9,6.2,250,9,3.5,270,17,1.4,1237,8.7,89,15,94.5,11.2,1004.6,1014.9,2355,1011.3,1504,1013.1,12.7,0,1200,.67,3.86,,,,,,10,9.4,12,7.9,,,,,,,,,,.8,1.1,,4.78
156,2023-04-07,8.8,5,2357,14.6,1259,1.37,.2,,.6,1,.6,7,320,1804,3.6,320,1407,1.3,1093,4.8,54,2257,77.3,8.8,1008.3,1020.7,2358,1014.2,212,1016.9,12.8,5.7,1000,2.02,16.07,,,,,,5,4.6,12.4,.8,,,,,,,,,,2.2,3.2,,
156,2023-04-08,9.2,2.8,626,16.1,1618,,,,,,,9.1,360,1428,3.8,320,1424,1.4,1198,-3.2,9,1550,47.6,5.1,1013.2,1023.3,938,1020,1635,1021.7,12.8,11.1,1200,3.45,25.15,,,,,,.8,.8,11.7,-2.7,,,,,,,,,,4.2,6,,
156,2023-04-09,11,3.7,608,19.2,1411,,,,,,,7.2,290,1521,3.5,270,1526,1,881,-2.5,12,1717,47.5,5.4,1012.3,1023.3,4,1018.3,1729,1020.8,12.9,11.7,1200,3.49,26.89,,,,,,.3,0,14.8,-2.2,,,,,,,,,,4.8,6.9,,
156,2023-04-10,13.5,5,555,22.1,1441,,,,,,,7.7,270,1536,4.2,270,1416,1.7,1466,2.6,25,1717,49.6,7.4,1008.6,1020,227,1014.3,1831,1017,12.9,11.3,1200,3.34,25.39,,,,,,0,0,16.9,-.7,,,,,,,,,,4.8,6.8,,
156,2023-04-11,16,12.4,2337,21.4,1050,1.33,0,,0,,0,10.7,230,1359,5.8,200,1118,2.5,2162,11.8,53,1052,77.4,14,1005.2,1016.3,55,1010.6,1617,1013.4,12.9,1.1,900,1.41,6.72,,,,,,8.4,7.1,15.5,7.4,,,,,,,,,,1.9,2.7,,
156,2023-04-12,13.2,7.7,616,19.4,1416,,,,,,,7.8,50,1414,4,50,1434,1.6,1389,-15.7,1,1114,19.4,2.5,1010.2,1021.7,2345,1016.1,1,1018.7,13,11.5,1200,3.53,27.04,,,,,,.5,.5,17,-.1,,,,,,,,,,8.1,11.6,,
156,2023-04-13,15.1,5.5,515,24.9,1558,,,,,,,5.5,290,1315,3.2,250,1302,1.1,960,-6.3,4,1308,24.9,4,1009.5,1021.7,1,1014.4,1602,1017.9,13,10.3,1200,3.37,24.93,,,,,,2,0,18,-1.7,,,,,,,,,,5.6,8.1,,
156,2023-04-14,14,10,545,18.7,1352,11.82,.6,2120,1.3,2030,4,4.4,90,1652,2.2,90,1659,.5,463,9.4,34,33,76,12.4,1004.7,1017.3,1,1009.2,2310,1013.1,13,.3,1100,1.09,7.25,,,,,,8.6,4.8,13.8,2.2,,,,,,,,,,1.2,1.7,,
156,2023-04-15,14.3,9.7,2352,20.1,1140,3.52,.1,,.4,44,.5,9.5,360,1234,3.4,50,1351,1,874,11.5,56,1620,85.4,13.6,997.1,1009.3,4,1003.1,1653,1005.4,13.1,6,1100,3.14,18.24,,,,,,6,5.3,17,5.3,,,,,,,,,,2.7,3.8,,
156,2023-04-16,12,9.1,530,19.1,1320,,,,,,,8.1,70,1756,4.4,70,1811,1.4,1172,7.7,37,1228,78.1,10.6,998.1,1013.2,2347,1003.4,633,1006.5,13.1,6.7,1200,3.29,19.36,,,,,,6.1,5.5,15.2,4.3,,,,,,,,,,3.1,4.4,,
156,2023-04-17,14.7,6.6,606,23.3,1621,,,,,,,9,180,1938,4.3,180,1753,1.2,1048,4.3,20,1459,57.9,8.5,1007.4,1017.7,1052,1013.2,1,1015.7,13.1,11.3,1200,3.38,25.84,,,,,,.8,.8,19.7,1.4,,,,,,,,,,4.6,6.6,,
156,2023-04-18,18.2,16,7,20.3,1216,.6,0,,0,,0,9.6,180,41,5.6,230,1139,2.2,1895,16.3,53,102,90.1,18.9,1003.1,1015.4,1,1009.6,1711,1011.3,13.2,0,1200,.57,4.37,,,,,,8.6,8.4,18.2,14.7,,,,,,,,,,.9,1.3,,
156,2023-04-19,19.9,17.1,542,24.3,1627,,,,,,,6.5,180,1557,3.7,200,1351,1.3,1093,18.5,73,1659,92,21.3,1001.5,1011.1,1,1007.6,1555,1009.7,13.2,2.2,1200,2.04,11.22,,,,,,7.4,6.6,22.1,16.5,,,,,,,,,,2,2.9,,
156,2023-04-20,20.6,15.5,601,28.4,1433,,,,,,,6.4,340,1740,2.3,180,2,.7,605,16.3,48,1347,79.1,18.5,1001.5,1011.5,2344,1006.3,1612,1009.6,13.2,11.1,1200,3.35,24.85,,,,,,1,.9,24.3,11,,,,,,,,,,3.8,5.4,,
156,2023-04-21,18.1,13.9,510,25.5,1543,,,,,,,6,250,1611,3.2,230,2108,1.2,1004,13.2,48,1457,76,15.3,1002.8,1014.5,2355,1008.9,1557,1011,13.3,7.9,1200,3.35,22.35,,,,,,3.4,2.4,23.9,10,,,,,,,,,,3.8,5.4,,
156,2023-04-22,17.5,13.9,530,23.9,1500,,,,,,,5.6,320,1718,3,270,1719,1.1,943,3,17,1428,42.9,8,1009.8,1021,2310,1014.5,1,1018.1,13.3,10,1200,3.22,24.65,,,,,,3.8,2.1,25.1,7.2,,,,,,,,,,4.4,6.3,,
156,2023-04-23,16,11.7,410,20.8,1625,,,,,,,5.3,200,1645,3.1,200,1659,1,841,2.6,21,1557,41.8,7.4,1014.1,1024.5,1003,1020.8,3,1022.4,13.3,.8,1300,2.53,13.55,,,,,,8.8,8.8,19,5,,,,,,,,,,2.6,3.7,,
156,2023-04-24,15.3,12.9,2346,18.3,1454,,,,,,,6.1,200,643,3.2,200,734,1.3,1166,4.7,36,1155,50.2,8.6,1014.8,1024.9,932,1021.8,1649,1023.2,13.4,1.3,1500,1.84,11.73,,,,,,9.6,9.1,20.3,10.7,,,,,,,,,,2.2,3.1,,
156,2023-04-25,10.9,8.6,2356,13,18,8.47,.3,913,.7,844,1.3,6.1,70,1021,3.4,70,1023,1.4,1214,8.1,59,356,84.9,10.9,1006.9,1021.9,1,1012.1,1809,1015.4,13.4,0,1000,.57,4.39,,,,,,9.1,7.1,13.6,4,,,,,,,,,,.7,1.1,,
156,2023-04-26,10.2,5.9,2331,16.4,1209,,,,,,,8.2,340,1609,3,320,1615,1.1,931,5,40,1329,74.5,8.8,1007.5,1020.1,2354,1013.8,230,1016,13.4,9.2,1200,3.71,24.47,,,,,,2.3,1.4,16.9,.3,,,,,,,,,,3.6,5.1,,
156,2023-04-27,14,3.9,432,24.2,1506,,,,,,,6.7,270,1603,3.2,230,1659,1,837,6.8,28,1428,67,10,1011.9,1022.2,800,1018.2,1655,1020.3,13.5,12.4,1200,3.6,28.6,,,,,,2,0,20.8,-1.6,,,,,,,,,,4.4,6.3,,
156,2023-04-28,16.8,8.9,537,23.1,1227,,,,,,,7.8,160,1621,4.2,200,1700,1.5,1271,11.8,49,1126,74.9,14,1008.6,1020.8,19,1013.1,2350,1016.9,13.5,6.2,1000,2.92,18.92,,,,,,5.8,5.1,19.4,2.3,,,,,,,,,,2.8,4,,
156,2023-04-29,15,10,2324,18.6,1,10.68,.8,224,2.9,215,6.2,6.6,340,2155,2.9,270,1154,1.1,982,14.2,80,2334,95,16.5,1001,1013.1,1,1007.3,1337,1009.3,13.5,.1,1700,.41,3.48,,,,,,9.4,7.8,16.6,9.5,,,,,,,,,,.9,1.3,,
156,2023-04-30,14.3,7.9,517,21.6,1417,,,,,,,9.6,290,1615,5.1,270,1623,1.6,1416,7.1,33,1328,65.5,10.1,1004.5,1014.3,2400,1011.2,1359,1012.9,13.6,12.3,1200,3.59,28.67,,,,,,.4,.3,18.5,2.9,,,,,,,,,,4.5,6.5,,
156,2023-05-01,16.4,10.3,553,22.7,1644,,,,,,,6.9,290,1413,3.4,50,1516,.9,797,2.6,15,1601,47.8,7.9,1009.7,1021.6,2400,1014.3,1,1018,13.6,12.6,1200,3.58,28.95,,,,,,.1,.1,21.3,4.6,,,,,,,,,,5.4,7.7,,
156,2023-05-02,18.2,10.3,426,27.1,1402,,,,,,,7.5,200,2005,4.1,230,1520,1.5,1273,4,24,1206,40.4,8.2,1014.3,1024.5,1029,1020.9,1628,1022.6,13.6,10.4,1200,3.53,26.72,,,,,,4.8,0,22.4,4.3,,,,,,,,,,5.3,7.6,,
156,2023-05-03,17.9,13.5,552,22.1,1457,,,,,,,7.7,180,2109,3.9,200,1550,1.7,1444,10.9,40,1,64.5,13.5,1013.2,1023.4,650,1019.9,1826,1021.5,13.7,.4,1200,1.57,12.03,,,,,,8.6,4,21.9,7.2,,,,,,,,,,2.2,3.1,,
156,2023-05-04,18.1,17,1336,19.5,946,11.87,2,1908,7.3,2152,19.1,8.5,180,1315,4,200,2149,1.7,1443,16.3,76,130,89.9,18.6,1005.5,1020.2,3,1009.4,2357,1013.7,13.7,0,1400,.7,4.79,,,,,,10,7.6,18.9,16.7,,,,,,,,,,.8,1.1,,
156,2023-05-05,19.9,18.1,413,22,1412,20.18,6.6,1632,22.9,1554,95.7,8.6,160,1537,3.5,180,652,1.9,1628,19.7,99,1,99,23,995.3,1009.4,3,1000.5,1912,1003.4,13.7,0,1400,.56,3.73,,,,,,10,8.3,19.5,17.9,,,,,,,,,,.7,1,,
156,2023-05-06,17.2,15.2,742,20.5,1,8.55,.7,814,1.7,108,5.7,8.9,200,714,5.2,230,723,1.7,1451,17,97,2020,99,19.4,995.6,1008.4,2349,999,405,1003.7,13.8,0,1100,.93,5.04,,,,,,9.9,7.9,19,15.1,,,,,,,,,,.8,1.2,,.32
156,2023-05-07,12.2,9.5,2359,15.3,1,15.02,.4,421,.7,411,1.4,8.2,70,1316,4,70,520,2.2,1863,11.7,84,1737,97,13.8,1002.1,1014.9,2400,1008.2,154,1010.5,13.8,.1,1200,.83,7.22,,,,,,7.5,4.6,15.2,4.9,,,,,,,,,,1.2,1.7,,
156,2023-05-08,15.4,7.4,522,23.1,1505,,,,,,,6.3,360,1717,2.8,320,1622,.9,763,5.8,28,1243,57.8,9.3,1008.2,1018.4,2355,1014.9,1,1016.5,13.8,11.8,1100,3.43,27.89,,,,,,6.3,0,17.9,2.3,,,,,,,,,,4.3,6.2,,
156,2023-05-09,17,8.7,612,25.3,1423,,,,,,,7.7,340,1700,2.5,50,1433,.6,493,6.6,23,1501,55.8,9.8,1009.1,1019.5,929,1014.6,1602,1017.5,13.8,12.8,1100,3.56,29.6,,,,,,.5,0,19.2,3.1,,,,,,,,,,5.3,7.5,,
156,2023-05-10,18.8,11.2,545,26.7,1450,,,,,,,5.8,340,1816,2.5,50,1359,.7,623,6.5,19,1539,49.4,9.8,1008.5,1018.1,904,1014.3,1620,1016.7,13.9,12.1,1200,3.66,29.41,,,,,,2.9,0,22.6,6.3,,,,,,,,,,5.5,7.9,,
156,2023-05-11,19.6,12.6,546,27.8,1440,,,,,,,6.4,320,1534,2.9,200,1459,.8,676,9.5,27,1429,54.6,11.9,1010.1,1019.9,2159,1016.4,1519,1018.3,13.9,9.6,1300,3.31,24.58,,,,,,3.8,.5,24.5,7.1,,,,,,,,,,4.2,6,,
156,2023-05-12,18.6,14.5,530,24.3,1359,1.62,0,,0,,0,6.4,270,1401,3.8,230,1340,1.2,1012,12.5,39,1412,70,14.6,1009,1019.3,32,1014.9,1624,1017.2,13.9,2,1100,2.48,17.74,,,,,,8.8,7,22.1,9.8,,,,,,,,,,3.2,4.6,,
156,2023-05-13,18.7,14.8,628,24.6,1346,,,,,,,6.5,320,1728,3.1,70,1139,1,838,13.1,42,1356,72,15.1,1004.6,1017.3,10,1009.5,1604,1012.8,13.9,9.8,1100,3.59,24.48,,,,,,4.4,3.6,25.3,9.8,,,,,,,,,,4,5.7,,
156,2023-05-14,19.3,12.3,528,26.6,1434,,,,,,,6,230,1524,3.3,230,1531,.6,541,11.3,26,1313,63.4,13.4,1001.5,1012.1,1,1007.4,1605,1009.6,14,11.8,1200,3.64,27.42,,,,,,.9,.9,25,7.6,,,,,,,,,,4.5,6.5,,
156,2023-05-15,20.9,13.2,516,28.5,1544,,,,,,,6.7,200,1622,3.7,230,1628,1.2,1060,13,38,1407,63.4,15,1001.2,1011.3,949,1007.3,1529,1009.3,14,10,1300,3.32,24.82,,,,,,3.1,0,26.5,8,,,,,,,,,,4.8,6.9,,
156,2023-05-16,23.2,16.3,554,32,1453,,,,,,,7.3,230,1538,4.1,230,1838,1.4,1186,14.3,27,1815,62.8,16.5,1004.2,1015.3,2354,1010.6,1541,1012.3,14,12.1,1200,3.55,28.77,,,,,,.3,0,29.6,10.7,,,,,,,,,,6.2,8.8,,
156,2023-05-17,23.4,16.6,440,30.3,1322,,,,,,,8.9,180,1441,5.3,200,1455,1.9,1612,16.5,34,1528,69.3,18.9,1005.9,1015.3,3,1012.2,1653,1014,14.1,10.9,1200,3.61,28.43,,,,,,4.4,.4,30.5,10.9,,,,,,,,,,5.2,7.4,7.9,
156,2023-05-18,18.2,16.5,800,22,10,16.37,2.1,428,4.7,420,17.8,7.4,70,1053,4,70,1057,1.9,1676,17.5,80,1205,96,20,1001.2,1013.3,1,1006.7,1944,1009.4,14.1,0,1100,1.14,7.02,,,,,,9.8,5.9,20.4,16.4,,,,,,,,,,1.5,2.1,,
156,2023-05-19,20.4,15.1,514,25.3,1425,,,,,,,6.1,180,1832,3.8,200,2048,1.3,1128,16.7,57,1419,81.1,19,1000.3,1011.4,2312,1005.9,257,1008.4,14.1,6.2,1000,3.22,20.32,,,,,,4.1,4.1,22.6,12.1,,,,,,,,,,3.1,4.4,,
156,2023-05-20,20.6,16.4,2351,27.8,1530,,,,,,,6.6,320,1647,2.7,230,1302,.8,709,16.9,49,1533,82,19.3,1003.5,1013.1,743,1009.4,1556,1011.7,14.1,9.2,1100,3,24.47,,,,,,4.1,3.4,24.2,12.5,,,,,,,,,,3.7,5.2,,
156,2023-05-21,18.7,16.1,2356,24.1,1321,,,,,,,5.9,270,1500,3,250,1316,1,891,16.1,61,1302,86.6,18.3,1002.5,1012.5,1,1009.1,1622,1010.7,14.2,8.7,1200,3.69,25.61,,,,,,5.5,3.5,25.1,12.8,,,,,,,,,,4,5.7,,
156,2023-05-22,17,14.5,2359,21.3,1706,3.97,0,,0,,0,5.8,20,1100,3.3,50,1101,.6,554,13.3,54,1626,80.4,15.4,1000.6,1010.4,2310,1007.1,1434,1008.8,14.2,1.9,1300,1.28,9.6,,,,,,6.6,4.8,19.2,10,,,,,,,,,,1.7,2.5,,
156,2023-05-23,19,12.8,422,26.7,1206,,,,,,,6.8,50,1422,3,50,1439,.7,647,11.2,25,1622,65.1,13.4,1002.7,1014.2,2337,1009.2,1434,1010.9,14.2,12.2,1300,3.54,28.73,,,,,,.3,.3,23.8,8.7,,,,,,,,,,5,7.2,,
156,2023-05-24,20,14,550,25.5,1545,,,,,,,6.5,270,1849,3.7,200,1413,.7,616,11.7,33,1727,61.5,13.9,1006.9,1017.2,2232,1013.8,26,1015.1,14.2,6.2,900,2.45,20.12,,,,,,7.1,2.6,24.1,9.6,,,,,,,,,,3.5,5,,
156,2023-05-25,21.2,16.8,603,27,1203,,,,,,,7.3,180,1235,3.6,230,1316,.9,745,11.1,35,1222,53.4,13.3,1008.2,1018,809,1014.9,1724,1016.3,14.2,5.6,1000,3.22,20.59,,,,,,6.8,4.6,25.5,13.9,,,,,,,,,,3.6,5.2,,
156,2023-05-26,21.4,17.4,430,25.9,1225,.6,0,,0,,0,5.7,180,2041,3,180,2100,.6,539,15.4,54,1121,69.6,17.7,1010.3,1019.2,724,1017.1,1,1018.5,14.3,2.8,1100,2.42,14.4,,,,,,8.6,6.6,23.9,13.6,,,,,,,,,,2.4,3.4,,
156,2023-05-27,22.7,21,136,27.8,1356,.4,0,,0,,0,10.6,180,1504,5.2,200,1551,2.4,2080,19.3,57,1505,81.9,22.4,1009.2,1019,1,1016,1519,1017.4,14.3,2.3,1300,3.12,15.53,,,,,,9.1,5.3,26.5,19.3,,,,,,,,,,2.8,4,,
156,2023-05-28,22.7,20.2,553,26.8,1626,12.63,.4,2345,1.5,2331,1.3,9.3,200,1525,4.5,230,1518,1.8,1583,22.1,84,1643,97.1,26.8,1005.3,1016.1,3,1011.6,1732,1013.4,14.3,.5,1400,1.54,9,,,,,,9.4,6.3,24.5,19.9,,,,,,,,,,1.4,2.1,,
156,2023-05-29,21.2,20.8,1137,22.2,1,18.97,4.2,44,12.1,31,43.7,10,250,201,5,230,221,1.5,1321,21,99,1,99,24.9,1002.3,1012.8,38,1009.3,1608,1010.4,14.3,0,1400,.41,3.37,,,,,,10,8,22.6,21.5,,,,,,,,,,.7,1,,
156,2023-05-30,21.4,20.1,2322,23.9,1432,10.68,.6,334,1.7,255,4.1,5.9,200,1456,3.2,200,1457,.7,623,21.1,92,1435,98.1,25,1001.7,1010.8,12,1008.4,1648,1009.8,14.3,0,1400,1.33,9.25,,,,,,9.8,7.9,23.7,19.6,,,,,,,,,,1.8,2.5,,.75
156,2023-05-31,22.9,18.4,533,28.9,1510,3.65,.4,117,1,103,1.3,7.5,180,1852,4.3,200,1843,1.2,1058,16.5,39,1437,70.6,18.9,1002.2,1012.1,926,1008.4,1714,1010.2,14.4,12.5,1200,3.63,29.54,,,,,,4.4,1.3,26.2,15.9,,,,,,,,,,4.9,7,,
156,2023-06-01,19,17.5,1122,21.1,957,9.05,2.4,1108,6,1059,10.4,3.7,90,1341,1.8,50,1251,.5,425,17.5,69,1,91.4,20.1,998.6,1011.2,4,1004.1,2359,1006.7,14.4,0,900,1.11,6.13,,,,,,9.1,6.6,20.7,14.5,,,,,,,,,,1.3,1.9,,
156,2023-06-02,22.2,18.1,2317,27.9,1254,3.92,1.1,112,3,54,3.5,6.6,50,1323,2.9,340,1317,1.3,1113,19,49,1626,84.1,22,994.8,1006.2,2322,1001.3,1124,1002.8,14.4,11.4,1200,3.66,29.06,,,,,,4,2.3,26.1,15.8,,,,,,,,,,5,7.1,,
156,2023-06-03,22,16,519,28.2,1402,,,,,,,9.7,50,1344,5.2,50,1352,1.1,922,13.6,31,1354,63.6,15.9,1001.1,1011.9,2313,1006.1,44,1009.2,14.4,12.6,1300,3.71,30.51,,,,,,1.8,.4,25.4,12.4,,,,,,,,,,5.3,7.5,,
156,2023-06-04,22.4,17.1,418,28,1300,,,,,,,5.5,320,1359,2.4,250,1202,.9,797,12.9,30,1504,57.8,15,1004.1,1013.5,736,1010.3,1708,1012.2,14.4,9.8,1200,3.44,25.85,,,,,,6.6,.8,25.6,12.8,,,,,,,,,,4.4,6.3,,
156,2023-06-05,21.2,18.9,446,25.2,1629,,,,,,,4.9,340,1931,2.4,230,108,.9,791,16.2,53,1630,75.3,18.6,1004.3,1014.5,846,1010.8,1752,1012.4,14.4,3.2,1400,2.03,16.71,,,,,,7.9,2,24.4,16.2,,,,,,,,,,3,4.2,,
156,2023-06-06,21.6,17.6,513,28.4,1534,,,,,,,6,270,1845,3.3,270,1851,.9,814,16.6,47,1548,75.8,18.9,999.7,1011.4,1,1004.9,1531,1007.8,14.4,10.5,1200,3.64,28.47,,,,,,3.6,2.3,28.2,15,,,,,,,,,,4.9,7,,
156,2023-06-07,21.7,16.4,503,28.6,1600,,,,,,,6.5,290,1743,3.7,230,1912,1.3,1152,17.3,45,1744,79.4,19.8,1001.6,1011.2,750,1008,1655,1009.7,14.5,11.5,1100,3.25,26.51,,,,,,6.5,.1,27.7,12.4,,,,,,,,,,4.3,6.1,,
156,2023-06-08,22.5,18.1,322,29,1516,,,,,,,6.9,200,1440,4.1,180,1620,1.7,1495,18.4,55,1604,79.6,21.1,997.4,1009,103,1002.9,1646,1005.5,14.5,7.1,1300,3.36,23.58,,,,,,6,3.4,29.3,17,,,,,,,,,,4.2,6,,
156,2023-06-09,24.2,19.2,657,30.5,1556,1.92,0,,0,,0,6.6,200,2132,4.1,180,2054,1.4,1172,17.5,33,1617,71.4,20.2,996.6,1006.6,2346,1003,1702,1004.6,14.5,8.9,1200,3.65,27.38,,,,,,4.3,4.3,30.3,16.7,,,,,,,,,,5.2,7.4,,
156,2023-06-10,24.1,20.8,102,30.9,1206,,,,,,,8.8,200,1514,4.8,200,1515,1.8,1571,19.8,47,1216,78.8,23.1,997.3,1006.6,36,1003.6,1133,1005.3,14.5,8,1200,3.55,25.93,,,,,,6.3,4.5,30.1,17.6,,,,,,,,,,5.2,7.4,,
156,2023-06-11,24.5,21.4,618,30.7,1448,.95,0,,0,,0,7.6,230,1538,4,200,1544,1,827,21,56,1407,82,24.8,997.3,1007.2,2225,1003.5,1621,1005.3,14.5,6.6,1100,2.49,19.2,,,,,,6.9,6.6,30.1,20,,,,,,,,,,3.2,4.6,,
156,2023-06-12,23.8,19.9,517,30.8,1523,.08,0,,0,,0,7.2,160,1718,3.6,140,1725,.7,602,19.1,35,1506,78.8,22.2,997.6,1007.4,700,1003.1,1621,1005.5,14.5,8.5,1300,3.79,27.4,,,,,,3.3,3.3,31.3,16.1,,,,,,,,,,4.9,7,,
156,2023-06-13,23.4,18.7,504,29.3,1554,,,,,,,5.3,250,1636,2.1,290,1640,.7,584,17.4,41,1202,72.4,20,996.7,1006.1,657,1002.9,1712,1004.7,14.5,10.6,1100,3.35,26.29,,,,,,4.3,1.1,29.7,14.9,,,,,,,,,,4.6,6.5,,
156,2023-06-14,22.8,18.2,524,29.1,1616,.17,0,,0,,0,6.1,290,1648,3,270,1657,.8,664,16.4,46,1354,69.8,18.7,998.3,1008.4,2338,1004.6,1609,1006.3,14.5,9.4,1100,3.45,24.04,,,,,,2.1,1.4,28,14.3,,,,,,,,,,4.4,6.3,,
156,2023-06-15,22.8,17.6,525,29.3,1537,,,,,,,5.2,20,1348,2.2,270,1623,.7,594,15.4,36,1136,66.9,17.6,1000.9,1012.1,2306,1007.4,1504,1008.9,14.5,12.7,1300,3.74,30.47,,,,,,.9,.3,31,13,,,,,,,,,,5.2,7.4,,
156,2023-06-16,24.3,17.5,556,32.4,1515,,,,,,,5.7,250,1717,3.5,270,1719,.8,694,17.4,33,1518,69.9,20.1,1005.3,1015,2323,1011.1,1645,1013.4,14.5,12.8,1200,3.67,30.32,,,,,,1.5,0,31.8,12.4,,,,,,,,,,5.8,8.2,,
156,2023-06-17,24.8,19.7,508,31.3,1457,,,,,,,5.2,340,1623,2.5,230,1501,.7,584,18.3,50,1426,68.9,21.1,1005,1015.1,139,1011.4,2352,1013,14.5,8.6,1200,3.42,23.55,,,,,,7.5,3.4,30.5,15.2,,,,,,,,,,4.1,5.8,,
156,2023-06-18,25.8,21,510,33.5,1510,,,,,,,5.6,320,1700,2.3,320,1709,.6,512,16.9,34,1512,60.1,19.2,999.6,1011.5,1,1004.4,1720,1007.5,14.5,9.3,1200,3.88,27.94,,,,,,4.1,0,30.8,18.8,,,,,,,,,,5.4,7.7,,
156,2023-06-19,26.6,20.2,548,34,1404,,,,,,,6.8,230,1640,3.9,200,1649,.9,784,20,42,1359,70.1,23.5,998.3,1007.7,801,1004.2,1531,1006.2,14.5,10.6,1100,3.29,26.01,,,,,,5.1,0,30.9,16.7,,,,,,,,,,5,7.2,,
156,2023-06-20,24.3,20.9,2213,30.2,1108,7.68,3,2141,7,2125,8.9,7.5,180,1038,4.2,200,1041,1.1,968,18.6,38,945,73.9,21.7,996,1006.1,1,1002.2,1803,1004,14.5,4.6,900,2.65,15.68,,,,,,8.4,5.3,28.1,17.9,,,,,,,,,,2.7,3.9,,
156,2023-06-21,22.2,20.7,2318,23.4,1649,6.83,.2,,.3,630,.5,6.6,180,200,3.5,180,155,.7,580,21.8,97,1902,98.4,26.2,994,1004.4,2221,1000.6,321,1002,14.5,.3,1600,.97,6.5,,,,,,9.5,8.5,24.2,20.6,,,,,,,,,,1.3,1.8,,
156,2023-06-22,22.8,20.2,418,27.5,1435,,,,,,,5.7,320,1450,2.3,340,1358,.6,540,20,60,1501,85.6,23.3,997.4,1007.1,2218,1004.2,1,1005.4,14.5,6.2,1200,3.01,20.51,,,,,,5.5,5.5,26.7,17.8,,,,,,,,,,3.5,5,,
156,2023-06-23,25,19,457,32.1,1535,,,,,,,7.2,200,1854,4.3,200,2015,1,896,20.3,41,1540,78,23.8,1001.7,1013.1,2353,1006.9,16,1009.7,14.5,11.8,1200,3.59,28.1,,,,,,4.6,1.9,29.3,15.8,,,,,,,,,,4.9,6.9,,
156,2023-06-24,25.6,21.4,327,31.9,1359,,,,,,,6.3,200,1241,3.8,200,1242,1.1,991,20.5,49,1356,75.8,24.1,1006.1,1015.7,2303,1012.7,102,1014.1,14.5,7.5,1100,3.3,23.19,,,,,,7.8,.6,30.8,19.5,,,,,,,,,,4.3,6.1,,
156,2023-06-25,22.7,20.5,538,28,1138,9.52,.8,1459,2.4,1744,7.1,6.7,200,1307,3.3,180,1350,.7,606,20.9,62,1139,91.1,24.8,1004.1,1015.6,6,1010.2,1907,1012.1,14.5,1.7,1100,2.25,12.36,,,,,,9.8,4.6,25.5,17.5,,,,,,,,,,1.9,2.7,,
156,2023-06-26,24,21.2,1,26,1601,14.5,12.1,1201,24.1,347,74.3,8.1,200,1043,4.6,230,1105,2.2,1915,23.8,99,1,99,29.5,1000.2,1010.3,1,1006.9,1819,1008.2,14.5,0,1500,.64,5.31,,,,,,10,7.5,24.8,21.9,,,,,,,,,,.9,1.3,,
156,2023-06-27,25,20.7,2345,30.2,1526,5.83,19.6,2149,54.1,2146,130.2,15.5,270,2059,4.9,270,2107,1.9,1676,24,74,1703,94.6,30,1002.2,1013.1,2157,1007.7,136,1010.2,14.5,5.7,1100,2.84,18.51,,,,,,9,7.8,26.8,21.5,,,,,,,,,,3,4.2,,
156,2023-06-28,22.7,19.6,432,25.3,1454,7.12,11.9,341,44.9,48,153.3,9.5,250,436,4.7,250,438,.8,691,22.5,99,1,99,27.5,1001.5,1012.6,9,1008,1742,1009.5,14.5,0,1400,1.17,7.81,,,,,,10,8.4,24,20,,,,,,,,,,1.3,1.9,,
156,2023-06-29,24.6,23.3,2346,26.3,1026,9.05,6.6,1157,16.9,2243,38.3,13.1,230,2333,5.6,250,2334,1.8,1555,24.4,99,1,99,30.6,995.5,1008,1,1001,1436,1003.5,14.5,0,800,.53,4.35,,,,,,10,8.5,24.9,23.6,,,,,,,,,,.7,1,,.13
156,2023-06-30,24.1,22.8,417,25.9,1340,11.35,1.4,555,3.7,534,14.7,8,200,14,5.6,230,11,1.5,1326,23.9,99,1,99,29.6,993.4,1003.5,2359,1000.2,1456,1001.3,14.5,.1,1300,1.04,6.48,,,,,,10,7.5,25,23.2,,,,,,,,,,1.1,1.6,,
156,2023-07-01,25.3,22.7,716,31.2,1632,10.75,.4,916,.7,828,1.6,5.8,230,1716,3.8,230,1719,.7,600,24.5,77,1634,96.1,30.9,998.2,1008.7,2158,1002.8,317,1006.2,14.5,3.7,1300,2.86,15.14,,,,,,7.8,6.8,27.9,22.5,,,,,,,,,,2.8,4,,1.57
156,2023-07-02,26.8,22.5,401,31.5,1445,,,,,,,5.3,200,1621,2.9,230,1628,.9,760,25,69,1356,91,31.8,1000.6,1010.3,824,1006.8,1420,1008.5,14.5,7.1,1300,3.1,23.16,,,,,,6,3.4,29.5,21.4,,,,,,,,,,3.9,5.5,,
156,2023-07-03,27.1,24.4,522,31.7,1311,,,,,,,5.8,230,1626,3.3,230,1720,1.2,1020,26,73,1313,94.5,33.7,997.8,1008.7,6,1004.3,1711,1005.7,14.5,3.2,1200,2.97,17.46,,,,,,8.1,3.8,29.1,23.1,,,,,,,,,,2.7,3.8,,
156,2023-07-04,24.7,23.5,741,25.9,1,10.45,3.9,1148,8.4,641,27,7.4,200,1825,3.5,200,1829,1.2,1057,24.4,97,313,98.9,30.6,993.6,1005.1,1,997.3,2351,1001.5,14.5,0,1400,.75,5.52,,,,,,9.6,5.9,25.9,24.2,,,,,,,,,,1,1.5,,
156,2023-07-05,25.6,22.7,2357,30,1521,5.33,7,206,18.8,205,32,7.5,200,215,3.6,200,142,1.6,1372,23.3,63,1605,88.4,28.6,990.5,1002.4,2343,995.5,247,998.4,14.5,7.3,1200,3.57,23.32,,,,,,4.1,3.4,28.3,20.6,,,,,,,,,,4.2,6.1,,
156,2023-07-06,26.3,21.3,434,33.4,1617,,,,,,,5.7,270,1641,3.3,230,2332,.8,725,22.3,52,1417,81,26.9,995.4,1004.8,924,1001.7,1605,1003.3,14.4,8.3,1300,3.3,24.7,,,,,,6.8,4,28.8,19.5,,,,,,,,,,4.3,6.1,,
156,2023-07-07,23.7,21.7,1307,24.9,2029,11.45,9.7,1324,27.3,1235,60,6.4,180,1752,3.2,200,1755,1,894,23.4,95,111,98.6,28.8,994.1,1004.3,232,999.3,1627,1002.1,14.4,0,1500,.38,3.25,,,,,,9.9,6.4,24.2,22.5,,,,,,,,,,.6,.9,,
156,2023-07-08,26.5,24.1,7,30.6,1401,,,,,,,7.8,230,1630,4.3,230,1635,1.1,912,25.9,81,1405,97.1,33.5,995,1004.7,2217,1001.5,419,1002.8,14.4,3.8,1300,2.94,15.73,,,,,,8.4,7,28,24.5,,,,,,,,,,2.3,3.4,,
156,2023-07-09,27.2,25.4,602,31,1547,.13,0,,0,,0,7.9,230,1305,3.9,200,1125,1.5,1261,26.9,88,1518,98.1,35.4,996.1,1005.9,2222,1002.6,1526,1004,14.4,1.4,1400,2.16,10.55,,,,,,8.9,7.5,29.3,25.3,,,,,,,,,,1.8,2.6,,
156,2023-07-10,27.4,22.5,630,32.3,1426,.83,5.5,614,6.4,605,6.4,11.1,270,615,4.4,250,622,1.7,1507,26.4,71,1323,94.4,34.3,997.7,1007.4,2312,1003,725,1005.6,14.4,7.3,1200,3.27,21.39,,,,,,7.5,5,30,22.9,,,,,,,,,,3.5,5,,
156,2023-07-11,24.8,22.2,1204,27.5,1031,9.35,20.4,1152,51.7,1129,87.6,14.3,290,1142,4.6,270,1146,1,856,24.6,98,1143,99,31,999,1008.6,1200,1005.6,1737,1007,14.4,.1,1000,.92,4.99,,,,,,9.5,7.3,25.7,22.7,,,,,,,,,,.6,.9,,
156,2023-07-12,25.8,23.6,537,28.8,1440,4.32,1.7,9,1.8,1,2.8,8.1,230,1525,4.5,230,1527,1.5,1267,25.6,99,1,99,32.8,998.4,1007.5,2228,1004.8,324,1006.3,14.4,.4,1400,1.39,8.43,,,,,,9.8,7.8,27.4,24.3,,,,,,,,,,1.4,1.9,,
156,2023-07-13,26.1,24.8,810,27.7,1345,8.53,2.5,436,2.8,346,4.4,6.5,180,1802,3.8,200,2353,1.7,1480,25.9,98,1335,99,33.3,997.5,1007.3,11,1003.6,2359,1005.4,14.3,0,1100,.81,4.87,,,,,,10,7.4,26.7,25.6,,,,,,,,,,.8,1.2,,
156,2023-07-14,25.4,24.3,737,26.4,1520,12.62,4.5,651,21.1,631,51.6,13.8,200,1311,7.3,230,1253,3.9,3351,25.2,99,1,99,32.1,994.3,1003.6,1,1001.3,1617,1002.2,14.3,0,1200,.29,2.51,,,,,,10,8,25.5,24.9,,,,,,,,,,.5,.8,,
156,2023-07-15,24.7,22.2,2249,26.6,333,16.33,11.3,1748,32.8,1729,56.3,12.8,200,414,7.6,230,418,3.7,3168,24.5,99,1,99,30.9,995.8,1007.1,2400,1001.7,308,1003.7,14.3,0,1300,.44,3.08,,,,,,10,8,25.3,22.8,,,,,,,,,,.6,.9,,
156,2023-07-16,24.2,22.1,239,29.1,1759,11.9,7.4,1010,17.1,1010,54.2,6.5,230,2011,3.9,200,2013,1.1,943,23.8,90,1804,98,29.6,1000.7,1012.1,2329,1006.3,441,1008.7,14.3,1.9,1300,1.87,10.54,,,,,,9.5,7.5,26.2,22.1,,,,,,,,,,1.8,2.5,,
156,2023-07-17,25,22.8,20,32,1421,13.48,7.8,1808,20,1736,66.6,9,270,1511,3.4,200,1434,.9,787,24.6,78,1423,98.4,31.1,1004.7,1014.3,2110,1010.6,159,1012.7,14.3,3.5,1000,3.08,15.03,,,,,,9.4,6.9,27.1,23.3,,,,,,,,,,2.4,3.4,,
156,2023-07-18,24.5,23.3,708,26.5,1405,16.85,6.6,1450,17.3,549,64.7,6.9,270,1648,2.9,230,1629,1.1,912,24.3,99,1,99,30.5,1001.3,1013.7,1,1006.3,1914,1009.3,14.3,.2,1300,1.08,5.98,,,,,,9.6,8.3,26.1,24,,,,,,,,,,1.1,1.6,,
156,2023-07-19,26.2,23.5,523,30.8,1539,4.53,.4,223,1.3,217,2.9,5,270,1725,2.2,270,1727,.8,719,25.1,73,1543,94,31.9,999.6,1009.1,2329,1006.2,142,1007.5,14.2,4.1,1100,2.74,16.15,,,,,,8.6,7.5,28.4,24.7,,,,,,,,,,2.7,3.9,,
156,2023-07-20,26.9,23.6,453,31.8,1310,1.13,1.8,1827,3.7,1801,3.7,5.1,230,3,3.3,200,8,.5,392,24.7,63,1346,89.5,31.2,1001.5,1011.1,2326,1008.2,1554,1009.4,14.2,5.8,1100,3.16,20.92,,,,,,7.3,4.3,29.3,24,,,,,,,,,,3.5,5,,
156,2023-07-21,27.1,23.3,450,33,1348,,,,,,,7.5,200,1656,4.2,200,1608,1.3,1109,23.2,57,1341,80.9,28.5,1004.1,1013.9,2304,1011,338,1012,14.2,8.9,1200,3.53,25.58,,,,,,3.1,3.1,30.2,23,,,,,,,,,,4.6,6.6,,
156,2023-07-22,24.5,21.7,1147,26.6,758,9.8,1.3,1054,4.5,1029,13.9,8.2,180,1059,4.3,180,935,1.2,1030,23.9,82,16,97.3,29.8,1004.8,1014.1,1055,1011.9,1647,1012.8,14.2,.1,1500,.64,4.67,,,,,,8.8,6.9,25.8,22.6,,,,,,,,,,.9,1.3,,
156,2023-07-23,25.9,24.7,2318,28.9,1002,8.45,9.8,2309,29.6,2304,48,7.9,200,1028,4.6,200,2009,2.2,1934,25.6,93,1051,98.8,32.9,1001.5,1012.3,1,1007.4,1950,1009.5,14.2,.2,900,1.39,7.62,,,,,,10,6.1,27.1,25.1,,,,,,,,,,1.1,1.6,,
156,2023-07-24,25.2,21.6,701,29,1534,11.9,8.6,320,35.1,316,100.3,6,230,1605,3.7,230,1558,1,857,25,97,1512,98.9,31.9,1001.9,1011.8,2341,1007.9,253,1009.9,14.1,1.5,1200,2.48,12.6,,,,,,9.5,6.4,27.3,22.7,,,,,,,,,,2.1,3,,
156,2023-07-25,27.1,24.3,509,30.8,1357,1.45,0,,0,,0,6.4,180,1635,4.5,200,1643,1.3,1159,26,79,1539,94.3,33.6,1005.6,1015.1,2349,1011.4,48,1013.5,14.1,3.6,1400,1.82,15.46,,,,,,7.1,6.3,28.6,24.7,,,,,,,,,,2.7,3.8,,
156,2023-07-26,27.4,24.6,2311,32.7,1430,.43,.6,1713,.6,1713,.6,7.2,200,1321,4.6,200,1328,1.3,1089,25.9,74,1501,92.8,33.5,1007.1,1016.5,2153,1012.9,1610,1015.1,14.1,6.8,1200,3.49,21.69,,,,,,6.1,5.5,31.7,24.4,,,,,,,,,,3.8,5.4,,
156,2023-07-27,28.2,23.8,448,34,1415,,,,,,,7.1,230,1627,4.3,200,1650,1.3,1081,25.9,64,1543,88.6,33.5,1006.4,1015.8,1,1012.8,1600,1014.3,14.1,9,1100,3.43,24.91,,,,,,4,3.3,30.2,23.5,,,,,,,,,,4.5,6.4,,
156,2023-07-28,28,24.7,443,32.4,1434,,,,,,,5.3,200,1240,2.8,200,1246,.7,617,26.4,73,1436,91.6,34.4,1006.4,1015.4,2214,1013.2,1801,1014.4,14,1.7,1400,2.23,15.63,,,,,,7.8,1.8,30.4,24.3,,,,,,,,,,2.9,4.1,,
156,2023-07-29,29.6,24.5,538,34.7,1524,,,,,,,4.8,200,1309,2.9,200,1724,.6,480,25.9,54,1147,82.4,33.4,1006.3,1015.4,1,1012.4,1735,1014.2,14,10.8,1400,3.24,26.27,,,,,,4.3,4.1,35.5,23.9,,,,,,,,,,4.7,6.8,,
156,2023-07-30,28.5,25,612,33.4,1337,,,,,,,7.6,180,1506,4.4,180,1512,1.1,992,25.5,63,1246,85.1,32.7,1005.6,1014.9,906,1011.7,1728,1013.5,14,10.1,1100,3.24,23.34,,,,,,2.8,1.6,33.5,24,,,,,,,,,,4.2,5.9,,
156,2023-07-31,28.6,24,556,34.3,1529,.25,0,,0,,0,5.8,230,1817,3.5,200,1826,.5,437,25.9,56,1545,86.8,33.4,1004.5,1014.4,814,1010.2,1645,1012.4,14,8.4,1300,3.09,21.65,,,,,,5.1,2.9,35.2,22.9,,,,,,,,,,3.8,5.4,,
156,2023-08-01,29.9,25.2,603,35.1,1520,,,,,,,5.7,70,1125,3.7,200,2103,.9,750,26,51,1318,82.1,33.7,1002.5,1012.1,807,1008.5,1627,1010.4,13.9,10.4,1200,3.6,25.27,,,,,,3.5,1.5,34.9,24.2,,,,,,,,,,4.6,6.6,,
156,2023-08-02,29.3,25.9,551,34.9,1324,1.83,2.2,1749,3.4,1740,3.4,6.1,230,1903,3.4,200,1913,.5,427,27,54,1326,89.1,35.6,1000.3,1010.3,46,1005.8,1733,1008.1,13.9,7.6,1200,3.56,21.04,,,,,,4.1,3.4,35.2,24.2,,,,,,,,,,3.7,5.3,,
156,2023-08-03,29.4,25.5,610,34.1,1608,,,,,,,6.4,230,1612,3.3,200,1702,.9,805,26.2,65,1053,84.1,34.1,998.5,1007.7,142,1004.7,1706,1006.4,13.9,8.1,900,2.27,16.67,,,,,,2.5,1.5,31.1,24.7,,,,,,,,,,3.1,4.5,,
156,2023-08-04,29.6,25,553,34.4,1618,,,,,,,5.1,200,1839,3.4,200,1845,.7,608,26.3,60,1619,84,34.3,996.6,1006.4,35,1002.6,1746,1004.4,13.9,9.5,1100,2.57,19.62,,,,,,3.3,1.6,32.8,23.7,,,,,,,,,,3.6,5.2,,
156,2023-08-05,30.2,25.4,612,35.7,1458,,,,,,,4.9,70,1704,2.7,50,1728,.8,656,26.5,57,1500,82.6,34.7,992.7,1003.2,1,997.9,1746,1000.4,13.8,11.6,1100,3.53,25.17,,,,,,.9,.9,38.1,23.5,,,,,,,,,,4.5,6.4,,
156,2023-08-06,29.9,26.3,509,35.6,1403,.32,0,,0,,0,5.7,270,1741,2.7,250,1745,.8,651,27.4,57,1340,87.9,36.5,990,999.5,11,995.3,1538,997.8,13.8,9,1200,3.45,22.38,,,,,,4.4,3.4,36.9,25,,,,,,,,,,4,5.7,,
156,2023-08-07,29.1,25.6,1629,35.4,1458,.65,8.3,1600,8.4,1558,8.4,7.5,200,1544,4,200,1553,.7,597,27,65,1248,90.3,35.7,991,1000.5,2329,996.6,1450,998.8,13.8,7.6,1200,3.15,20.43,,,,,,5.1,4.5,37.9,25.7,,,,,,,,,,3.7,5.3,,
156,2023-08-08,28.8,24.9,501,35.5,1343,1.07,2,1941,5.5,1913,5.5,5.8,70,1515,2.8,180,1708,.9,786,26.6,58,1344,89.3,34.8,993.1,1002,1924,999.2,1541,1000.9,13.7,9.4,1200,3.59,24,,,,,,4.1,3.6,32.4,24.7,,,,,,,,,,4.2,6,,
156,2023-08-09,26.2,24.3,2357,29,1010,11.92,.3,2334,.7,2300,1,10.5,70,2111,5.2,70,2115,2.2,1860,25.8,89,941,98.1,33.3,992.2,1001.6,1,998,2347,1000.1,13.7,.4,900,1.2,8.89,,,,,,8.4,3,28.4,24.4,,,,,,,,,,1.3,1.8,,
156,2023-08-10,23.3,22.2,1149,25.1,1352,16.18,4.5,648,18.1,605,92.4,13.5,20,915,6.2,50,922,2.2,1899,23.1,98,1356,99,28.3,988,1000.4,2315,992.3,918,995.9,13.7,.2,1300,2,6.19,,,,,,9.5,7.6,24.3,21.6,,,,,,,,,,1.3,1.8,18.4,
156,2023-08-11,26.8,23,111,31.6,1412,.25,0,,0,,0,8.5,230,1319,4.8,230,1325,2,1758,24.5,63,1516,88.4,30.8,994.1,1004,2323,1000.1,27,1002,13.6,8.3,1200,3.36,23.74,,,,,,5.9,4.4,29.6,21.7,,,,,,,,,,4.2,5.9,,
156,2023-08-12,26.6,22.8,615,30.2,1213,1.28,.2,,.2,,.2,3.8,250,1345,2.3,230,302,.5,405,24.7,69,1216,90.4,31.2,996.4,1005.3,2150,1003.3,1547,1004.3,13.6,5.8,1000,3.05,17.62,,,,,,5.4,4.9,28.8,21.7,,,,,,,,,,2.5,3.6,,
156,2023-08-13,27.7,23.5,522,31.8,1229,,,,,,,3.9,230,2249,2.1,200,2224,.2,140,25.3,64,1703,88.4,32.4,996.8,1006,2355,1003.3,1713,1004.6,13.6,6.3,1100,3.26,17.01,,,,,,5.1,3.6,29.2,22.4,,,,,,,,,,2.1,3,,
156,2023-08-14,28.5,25,2234,33.6,1436,3.13,1.8,2151,3,2120,3.7,4.4,290,1955,2.3,70,1328,.5,419,26.5,59,1416,90.3,34.7,997.6,1006.7,944,1003.6,1745,1005.4,13.5,6.5,1300,3.01,20.82,,,,,,6.5,6.5,32.5,24.5,,,,,,,,,,3.7,5.3,,
156,2023-08-15,28.1,24.4,529,32.5,1507,,,,,,,5.4,70,1613,2.1,20,1414,.4,356,26,72,1615,89.4,33.7,996.7,1006.3,732,1002.4,1640,1004.6,13.5,8.5,1100,2.78,21.33,,,,,,6.3,4.9,31.4,24.4,,,,,,,,,,3.6,5.1,,
156,2023-08-16,27.7,24.5,533,32.7,1502,,,,,,,5.2,290,1507,2.1,250,1343,.5,473,25.1,57,1420,87,31.8,996.5,1005.5,2339,1003,1708,1004.4,13.5,9.4,1300,3.21,24.26,,,,,,5,4.4,33.3,24.1,,,,,,,,,,4.4,6.3,,
156,2023-08-17,27.5,23.9,439,32.8,1451,.25,0,,0,,0,6.1,200,1830,2.7,200,1839,.5,441,25,57,1447,88.1,31.8,997.2,1007.1,2347,1003.3,1552,1005.1,13.5,6.7,1200,2.68,18.34,,,,,,7.1,5.8,35.1,22.5,,,,,,,,,,3.2,4.5,,
156,2023-08-18,27.3,24.2,1955,33.5,1403,2.38,17.5,1842,60.8,1835,74.5,6.3,270,1737,3.7,180,1557,.7,611,25.3,54,1404,90.1,32.4,999,1009.1,2342,1005.2,1530,1006.9,13.4,9.8,1300,3.48,25,,,,,,5.5,5.1,34.3,23.4,,,,,,,,,,4.2,6.1,,
156,2023-08-19,28.3,24.5,535,32.7,1446,,,,,,,4.7,270,1712,2.8,270,1708,.3,284,26.1,71,1500,89.3,33.9,1002,1012,2349,1008.6,1651,1009.9,13.4,7,1000,2.6,18.87,,,,,,6.3,5.4,31.3,24.1,,,,,,,,,,2.7,3.9,,
156,2023-08-20,28.6,24.8,554,34.1,1533,,,,,,,6.7,250,1739,3.4,230,1559,1,871,25.9,61,1522,86.5,33.4,1003.4,1012.5,747,1009.8,1638,1011.4,13.4,8.6,1000,2.6,20.82,,,,,,3.3,2.6,31.7,24,,,,,,,,,,3.4,4.8,,
156,2023-08-21,28.8,25.3,534,33,1448,,,,,,,8.8,200,1201,5.2,200,1353,2.1,1835,26.1,61,1450,86.9,33.9,1000.6,1011.2,1,1006.3,1803,1008.4,13.3,11.5,1000,3.05,24.43,,,,,,3.5,1.1,32,24.4,,,,,,,,,,4.5,6.4,,
156,2023-08-22,28.4,26.2,343,32.5,1357,2.33,.3,2349,.3,2259,.3,8.5,180,1252,4.8,180,1049,2.6,2289,26.5,70,1345,90,34.6,997.3,1007.5,1,1003.4,1534,1005.2,13.3,8.5,1200,3.18,21.85,,,,,,5.5,3.5,31.9,24.5,,,,,,,,,,3.7,5.3,12.5,
156,2023-08-23,25.4,23.2,1756,29.9,1314,10.32,13.9,1626,34.5,1604,58.9,7.6,180,1336,3.8,200,1403,1,887,25.2,90,1316,99,32.2,997.3,1006.1,2319,1003.6,1545,1005.2,13.2,.6,1300,1.99,9.25,,,,,,9.3,6.8,27.8,24.2,,,,,,,,,,1.6,2.3,,
156,2023-08-24,25.2,23.7,2400,28.9,1041,8.95,7,1251,19.8,1239,34.9,6,180,1258,3,200,1254,.6,520,25,98,1042,99,31.7,998.4,1008.3,2337,1005.1,302,1006.3,13.2,1,900,1.55,6.76,,,,,,7.5,6.3,27.3,23.8,,,,,,,,,,1,1.4,,
156,2023-08-25,26.2,23.1,549,31.2,1455,,,,,,,4.8,320,1619,2.1,250,1012,.8,662,23.9,60,1435,88.9,29.7,1000.9,1010.5,2307,1007.6,1604,1008.9,13.2,8.6,1200,3.19,20.65,,,,,,3.3,3.3,28.5,21.8,,,,,,,,,,3.6,5.2,,
156,2023-08-26,26,20.7,556,32.3,1519,,,,,,,5,50,1552,2.7,70,843,1.2,998,22.4,44,1509,83.4,27.2,1001.3,1010.9,644,1007.3,1636,1009.3,13.1,11.6,1100,3.22,25.45,,,,,,2.1,.4,27.8,19.2,,,,,,,,,,4.3,6.2,,
156,2023-08-27,27,22.6,426,32.2,1401,,,,,,,5.2,180,1838,3.1,180,1838,1.1,943,24.6,57,1355,87.8,30.9,1000,1009.3,7,1006.1,1553,1007.9,13.1,7.5,1000,2.69,19.32,,,,,,5.4,1.8,28.6,21.6,,,,,,,,,,3.2,4.5,,
156,2023-08-28,26.9,24.3,933,30.3,1332,3.38,1.1,913,4.3,842,6.4,8.8,180,1400,5.1,180,1646,1.7,1489,25.6,78,1334,93.4,32.9,998.3,1008.2,916,1004.8,1708,1006.2,13.1,4.5,1300,3.09,16.2,,,,,,9,4.8,28.5,24.3,,,,,,,,,,2.7,3.9,,
156,2023-08-29,25.5,23.1,2400,28.9,1138,9.37,7.8,1627,22,1615,37.5,9.3,230,1251,4.4,230,1258,1.7,1464,25.3,90,14,99,32.3,998.6,1009.3,2323,1005.1,1142,1006.6,13,.1,1000,1.63,7.56,,,,,,9.6,5.8,27.7,24.3,,,,,,,,,,1.2,1.7,,
156,2023-08-30,21.9,19.8,1836,23.6,14,15.65,4.1,1635,9.5,1624,14,4,320,1742,2.3,70,446,.8,675,21.7,99,1,99,26,1001.6,1011,2328,1008.6,426,1009.6,13,0,1300,.51,4.04,,,,,,9,7.1,25.1,21.2,,,,,,,,,,.8,1.2,,
156,2023-08-31,23.6,19.9,146,28.9,1443,.43,.1,,.1,,.1,5.4,70,2125,2.7,70,2139,.9,782,21.7,66,1445,90.3,26,1002.4,1011.6,1039,1009,1518,1010.5,13,8.3,1300,3.17,21.78,,,,,,5.3,3,27,20.5,,,,,,,,,,3.6,5.2,,
156,2023-09-01,24.6,20.3,435,30.1,1608,,,,,,,6.4,50,1310,3.3,50,1319,1.5,1275,21.2,51,1600,83.5,25.2,1003.2,1012.3,1024,1009.7,1649,1011.2,12.9,7.9,1300,3.03,19.44,,,,,,4.9,.6,26.5,19.2,,,,,,,,,,3.6,5.2,1.5,
156,2023-09-02,24.3,22,814,27.2,1429,5.48,1.4,804,1.5,715,2.5,4.6,70,826,2.4,70,827,.7,608,24,87,6,98.1,29.9,1003.4,1012.4,2329,1010.3,1648,1011.4,12.9,.6,1400,1.74,10.22,,,,,,6.8,4.6,27.2,20.3,,,,,,,,,,1.7,2.4,1,
156,2023-09-03,27.1,23.1,430,31.1,1448,,,,,,,5.8,200,1150,3.5,200,1418,1.1,936,25.4,70,1537,91.5,32.5,1004,1012.8,2320,1010.8,1506,1011.9,12.9,5.9,1100,3.06,17.45,,,,,,6.1,4.5,28.4,22.2,,,,,,,,,,3.1,4.4,,
156,2023-09-04,26.6,23.3,547,32.8,1424,2.25,4.6,1900,6.3,1809,8,6.3,70,1733,3.5,70,1733,.7,602,24.6,58,1423,90.1,31,1003.7,1012.6,1,1009.9,1521,1011.6,12.8,8.9,1100,2.94,20.43,,,,,,6,4.9,29.1,21.6,,,,,,,,,,3.6,5.2,,
156,2023-09-05,27,22.8,604,32.2,1517,,,,,,,5.3,70,1106,2.5,50,1129,.8,678,23.5,50,1450,83.1,29,1002.9,1012,1008,1009.3,1649,1010.8,12.8,8.7,1400,2.91,20.87,,,,,,4.1,1.3,29.3,22,,,,,,,,,,3.6,5.1,,
156,2023-09-06,27,22.4,633,32.6,1514,.08,0,,0,,0,6.2,70,1618,2.7,50,1559,.9,746,23.4,57,1521,82.3,28.8,1003.3,1013.5,2352,1009.3,1559,1011.3,12.8,10.5,1100,3.17,23.37,,,,,,1.5,1.5,28.9,20.6,,,,,,,,,,4.2,5.9,,
156,2023-09-07,25.7,21.6,540,30.6,1516,,,,,,,6,50,1637,3.1,70,1712,1.3,1086,18.8,42,1556,68.5,21.8,1005.6,1014.8,854,1012.3,1715,1013.6,12.7,11.6,1200,3.33,25.39,,,,,,0,0,28.7,19,,,,,,,,,,4.8,6.8,,
156,2023-09-08,24.7,19.3,627,29.9,1529,,,,,,,4.6,70,1529,2.2,70,1537,.9,761,18.7,45,1513,71.5,21.6,1004.8,1014.8,716,1010.7,1545,1012.8,12.7,11.6,1200,3.31,25.13,,,,,,0,0,28.2,15.8,,,,,,,,,,4.3,6.1,,
156,2023-09-09,25.1,19.8,614,30.7,1538,,,,,,,4.6,50,1507,2.2,200,2236,.6,494,21.1,48,1645,80.9,25.1,1003.3,1012.6,710,1009.3,1622,1011.3,12.7,10.8,1200,3.32,23.47,,,,,,1.5,.6,29.2,17.1,,,,,,,,,,3.8,5.5,,
156,2023-09-10,25.3,21.8,552,30.7,1409,,,,,,,4.1,270,1452,1.9,180,2249,.5,450,22.6,47,1416,86.3,27.5,1002.5,1011.9,724,1008.7,1543,1010.5,12.6,5.8,1300,2.78,17.71,,,,,,6.8,4.6,29.4,20.1,,,,,,,,,,2.9,4.2,,
156,2023-09-11,25.4,20.9,626,30.6,1541,,,,,,,4.7,320,1736,1.9,50,1257,.5,463,21.2,52,1525,79.9,25.2,1001.8,1011.7,2242,1007.7,1556,1009.8,12.6,8.5,1200,2.89,19.59,,,,,,5.3,2,31.7,18.7,,,,,,,,,,3.3,4.7,,
156,2023-09-12,25.1,21.5,437,29.2,1304,,,,,,,4.3,70,127,2.2,70,130,.4,381,21.1,55,1321,80.1,25,1003,1011.9,847,1009.3,1607,1011,12.5,3.1,1100,2.78,15.72,,,,,,8.1,3.5,29.5,20.1,,,,,,,,,,2.6,3.7,,
156,2023-09-13,22.5,20.1,640,25.4,1437,10.12,10.9,507,17,459,30.1,5.5,90,2017,2.8,50,541,1.2,1032,22.3,84,24,98.9,27,1002.8,1012.5,551,1009,1523,1010.9,12.5,0,900,1.06,7.54,,,,,,10,5.3,25.4,20.7,,,,,,,,,,1.2,1.7,,
156,2023-09-14,22.2,20.2,236,26,1220,12.65,.8,49,2.7,16,14.1,8.1,200,1242,4.6,200,1244,.8,664,21.9,94,1157,98.5,26.3,1004,1014.5,2132,1009.8,344,1012.1,12.5,.6,1100,1.35,7.97,,,,,,9.6,6,24.3,21,,,,,,,,,,1.2,1.7,,
156,2023-09-15,23.9,21.5,6,27.7,1539,12.2,3.7,643,9.8,425,42.8,,,,,,,1.4,1231,23.6,95,1427,98.8,29.4,1004.8,1014.2,1,1011.4,1448,1012.9,12.4,1.9,1200,2.64,9.5,,,,,,8.3,4.4,25.6,22.2,,,,,,,,,,1,1.4,,
156,2023-09-16,23.7,22.7,2347,27.1,1002,6.17,8.7,1408,23.1,1352,34,6.4,270,1418,2.7,270,1425,.6,480,23.5,98,1022,99,29,1004,1013.2,27,1009.9,1717,1012,12.4,.6,900,1.08,4.94,,,,,,7,5.3,24.3,22.6,,,,,,,,,,1,1.4,,
156,2023-09-17,24.7,22.2,542,28.7,1351,1.9,2,1801,2.1,1736,3.2,5.9,180,1741,3.6,180,1746,.7,630,23.8,76,1451,95.4,29.6,1002.9,1012.4,2221,1009.6,1603,1010.9,12.4,3.2,1300,2.17,15.29,,,,,,7.8,5.1,28,21.5,,,,,,,,,,2.5,3.5,,
156,2023-09-18,25.3,22.1,617,30.4,1504,,,,,,,5.1,290,1600,2.4,270,1604,.6,513,23.4,63,1323,90,28.7,1005.1,1014.8,2331,1011.6,205,1013.1,12.3,8.7,1200,2.59,19.18,,,,,,4.5,4.3,28,21,,,,,,,,,,3.1,4.4,,.37
156,2023-09-19,24.5,21.2,646,28.6,1511,,,,,,,3.8,320,1832,1.8,70,1341,.5,435,21.8,54,1516,86.9,26.2,1006.6,1016.1,945,1013.3,1543,1014.7,12.3,6.8,1400,2.6,17.14,,,,,,6.3,2.3,27.5,20,,,,,,,,,,2.6,3.8,,
156,2023-09-20,23.6,21.3,551,25.5,1738,9.52,1,1355,2.7,1224,11,10.3,230,2241,5.7,230,2249,1.8,1579,23.4,98,1039,99,28.9,1000,1014.5,1,1003.1,2349,1008,12.3,0,1400,.59,4.15,,,,,,9.8,6,24,20.1,,,,,,,,,,.8,1.2,,
156,2023-09-21,21.3,19.6,2302,25,1,5.42,.9,133,1.6,50,3,6.4,320,417,3,320,423,.9,772,20.9,96,1206,98.1,24.8,1002.2,1014.2,2121,1003,5,1010.3,12.2,0,1200,1.41,8.37,,,,,,8.6,7.6,24.1,18.3,,,,,,,,,,1.3,1.8,,
156,2023-09-22,20.9,16.9,517,26.5,1422,,,,,,,3.9,70,1146,2,70,1130,1,827,18,58,1411,85.1,20.7,1007.5,1018,2245,1014,1536,1015.6,12.2,8,1200,3.14,20.15,,,,,,3.9,1.5,23.6,14,,,,,,,,,,3.3,4.8,,
156,2023-09-23,20.5,16.3,456,25.4,1345,,,,,,,6.9,70,1056,3.2,70,1115,1.2,1076,16.7,57,1400,80.5,19.1,1010.7,1020.3,2228,1017.4,1543,1018.9,12.1,3.9,1200,2.14,13.84,,,,,,7.4,0,21.3,13.1,,,,,,,,,,2.4,3.5,,
156,2023-09-24,21.5,16.7,621,27.9,1515,,,,,,,8.1,50,750,4.2,70,758,2,1749,16.6,53,1511,75,18.9,1009.9,1019.9,122,1016.1,1504,1018.1,12.1,8,1200,2.98,18.43,,,,,,4.8,1.8,21.9,13.3,,,,,,,,,,3.1,4.5,,
156,2023-09-25,22.6,18.9,146,26.7,1603,.98,0,,0,,0,6.6,70,305,4,70,233,1.7,1437,19.5,69,1557,83,22.8,1007.3,1017.3,1,1013.8,1518,1015.4,12.1,.8,1200,1.76,11.18,,,,,,9.1,7.5,24.5,17.1,,,,,,,,,,1.8,2.5,,
156,2023-09-26,23.2,21.4,2358,25.6,1245,1.75,.2,,.2,,.3,6.4,270,1312,3.2,270,1353,1.4,1208,22.5,85,1324,96.1,27.3,1005,1014.5,1,1011.7,1540,1013.1,12,.1,1000,1.29,5.85,,,,,,9.9,4.8,23.9,21.2,,,,,,,,,,1.1,1.5,,
156,2023-09-27,22.5,20.9,716,25.5,1406,3.72,.3,14,.6,1,.9,6.5,290,1510,2.2,230,1109,.8,724,21.9,85,1447,97.1,26.3,1004.8,1014,2140,1011.1,1450,1012.9,12,1.5,1000,1.57,9.72,,,,,,8.9,7.4,25,19.8,,,,,,,,,,1.6,2.4,,
156,2023-09-28,22.9,20.1,2327,27.5,1508,,,,,,,4.9,340,1603,2.4,50,1725,.7,637,20.9,63,1554,89.9,24.8,1006.6,1016.2,2318,1013.2,1610,1014.7,12,7.9,1000,2.33,17.17,,,,,,4.4,3.6,28.1,16.8,,,,,,,,,,2.7,3.9,,
156,2023-09-29,21.7,16.5,637,27.1,1446,.08,0,,0,,0,4,320,1708,1.6,20,1332,.5,458,17.9,51,1458,81.4,20.5,1006.2,1016.7,717,1012.3,2400,1014.3,11.9,7.6,1200,2.77,19.09,,,,,,5.1,5,27.4,13.3,,,,,,,,,,2.9,4.1,,
156,2023-09-30,19.2,15.1,748,23.6,1600,6.53,.5,454,1.4,450,2.6,6,50,520,2.8,50,507,.8,718,16.9,64,1601,87.6,19.3,1004.5,1014.2,534,1010.5,1554,1012.6,11.9,6.4,1300,2.45,15.18,,,,,,7.6,7,23,16.2,,,,,,,,,,2.4,3.4,,
156,2023-10-01,19.6,15.7,2340,24,1428,,,,,,,9.2,70,1401,4.5,50,1544,1.4,1228,12,34,1537,66,14.4,1007,1017.9,2230,1012.5,136,1015.2,11.8,10.4,1200,3.07,21.44,,,,,,2,.9,24.4,10.5,,,,,,,,,,4.1,5.8,,
156,2023-10-02,18.9,13.7,423,24.7,1422,,,,,,,9.1,70,1300,3.7,50,1243,1.1,970,11.7,36,1346,66.3,13.8,1009.8,1020.3,855,1015.8,1541,1018,11.8,9.1,1200,3.09,20.64,,,,,,5.4,1.5,23.9,9.9,,,,,,,,,,3.9,5.5,,
156,2023-10-03,16.9,14.6,2357,19.8,1314,1.42,.3,1530,1.2,1517,1.4,5.1,90,1500,2.8,70,1340,1,858,14.7,72,1,87.5,16.7,1009.3,1019.1,1027,1016.1,1910,1017.5,11.8,.1,900,.77,5.16,,,,,,6.8,5.3,17.9,11.5,,,,,,,,,,.9,1.3,,
156,2023-10-04,18.3,12.7,617,24.6,1503,.65,.8,2255,.9,2235,.9,4.7,290,1341,2.3,20,1630,.7,626,15.2,50,1435,84.4,17.3,1006.7,1017.3,35,1012.6,1519,1015,11.7,8.4,1100,2.75,19.04,,,,,,6.1,2,23,9.7,,,,,,,,,,3.4,4.8,,
156,2023-10-05,16.7,14.2,2110,20.5,1350,,,,,,,9.7,90,344,5.1,50,351,2,1728,6.4,35,1251,51.6,9.6,1008.5,1019.1,2239,1014.6,309,1016.8,11.7,8.9,1200,3.07,20.81,,,,,,5.6,.9,20.9,9,,,,,,,,,,3.7,5.2,,
156,2023-10-06,16.7,12.8,645,21.2,1342,,,,,,,4.7,70,317,2.6,70,326,1.3,1090,7.8,37,1343,56.6,10.6,1011.1,1020.9,2317,1017.5,1430,1019.4,11.7,3.8,1200,2.28,13.71,,,,,,8.9,6,20,10.4,,,,,,,,,,2.3,3.3,,
156,2023-10-07,17.5,14.2,641,20.3,1343,3.5,.1,,.1,,.1,4.9,200,2044,2.9,200,2015,.8,728,12.9,53,1026,75.6,15,1013.2,1023.4,2338,1020,332,1021.5,11.6,.9,1100,1.62,8.92,,,,,,9.6,5.4,20.3,12.9,,,,,,,,,,1.3,1.9,,
156,2023-10-08,17.9,14.9,622,22.7,1508,4.62,.7,222,.9,222,1.4,5.9,70,1639,3,70,1027,1.8,1525,14.9,57,1617,84,17,1012.9,1023.1,1,1019.4,1629,1021.2,11.6,3.4,1400,2.23,11.92,,,,,,7.8,5.9,22,16,,,,,,,,,,2.1,2.9,,
156,2023-10-09,18.7,15.7,549,23.2,1317,,,,,,,4.6,70,118,2.8,70,109,.9,760,15,55,1414,80,17,1011.6,1021.1,1,1018,1458,1019.9,11.6,3.4,1300,2.39,12.89,,,,,,7.8,3.9,21.7,13.2,,,,,,,,,,2.1,2.9,,
156,2023-10-10,18,14.5,611,22.5,1326,,,,,,,6.2,50,1233,3.4,50,1238,1.1,938,14,49,1336,79.8,16,1012.7,1022.7,2236,1019.3,1416,1021,11.5,8.2,1200,2.73,17.17,,,,,,2.9,.3,21.9,9.7,,,,,,,,,,2.6,3.7,,
156,2023-10-11,18.6,13.3,606,24.3,1413,,,,,,,5.3,320,1753,2.2,70,1500,.8,702,13,39,1456,72.9,15,1015.5,1025.4,845,1022.3,1511,1023.8,11.5,10.1,1100,2.74,18.98,,,,,,.9,.9,22.7,9.3,,,,,,,,,,3.2,4.6,,
156,2023-10-12,18.4,13.2,616,24.2,1352,,,,,,,6.9,70,1407,3.5,70,1411,1,873,11,33,1342,65.3,13.2,1015.5,1026.3,849,1021.6,1515,1023.8,11.5,9.7,1200,2.91,19.39,,,,,,3.8,0,22.2,9.3,,,,,,,,,,3.3,4.7,,
156,2023-10-13,18.1,13.9,648,22,1358,,,,,,,3,360,1721,1.6,20,1437,.5,421,12.3,49,1416,70.5,14.3,1009.7,1022.9,8,1014.9,2352,1018,11.4,1.2,1100,1.78,11.38,,,,,,8.9,4.8,21,11.8,,,,,,,,,,1.7,2.5,,
156,2023-10-14,17.5,13.2,552,22.5,1316,1.15,0,,0,,0,6.9,250,1906,4.1,270,1915,1.1,920,13.9,50,1442,82.1,15.9,1003,1014.9,1,1008.9,1534,1011.3,11.4,5.9,1000,2.23,13.81,,,,,,6.3,4.3,22,9,,,,,,,,,,2.2,3.1,,
156,2023-10-15,17.1,13.2,639,22.4,1349,.33,0,,0,,0,7,290,1325,3,290,1328,1,823,13.7,52,1417,83.1,15.8,1004.2,1015,2315,1010.4,349,1012.5,11.3,9,1300,2.43,16.03,,,,,,2.5,2.5,20.8,10,,,,,,,,,,2.5,3.6,,
156,2023-10-16,15.8,12.4,2350,20.6,1329,,,,,,,6.8,320,1618,3.1,270,1310,.9,800,11.4,47,1429,77.8,13.6,1008.3,1018.5,2352,1014.8,7,1016.6,11.3,9.7,1300,2.66,17.87,,,,,,1,1,20.1,6.4,,,,,,,,,,2.8,4.1,,
156,2023-10-17,14.9,9.4,631,21.7,1425,,,,,,,5.5,320,1801,1.9,320,1802,.6,508,9.8,39,1354,75.1,12.2,1011.6,1021.5,2251,1018.4,7,1020,11.3,10.2,1200,2.79,19.11,,,,,,0,0,19.1,3.4,,,,,,,,,,3.1,4.4,,
156,2023-10-18,16.3,9.3,648,23.7,1515,,,,,,,5.4,230,1648,2.5,250,1258,.9,809,9.8,28,1327,71.1,12.3,1012.2,1022.7,857,1017.9,1646,1020.5,11.3,10.2,1200,2.76,18.74,,,,,,1.1,.4,19.8,4,,,,,,,,,,3.2,4.6,,
156,2023-10-19,17.2,12.1,612,23.4,1216,4.88,.9,2113,2.7,2055,5.4,5.6,250,1442,3,70,2152,1,879,15.3,62,1443,89.4,17.4,1008.8,1020.3,1,1014.6,1732,1017.1,11.2,3.4,1200,2.49,12.47,,,,,,7.4,3.3,19.7,8.8,,,,,,,,,,2,2.8,,
156,2023-10-20,13.3,10.8,2256,17.1,1253,6.12,.2,,.6,11,1.9,9.8,50,1238,4.3,340,1312,1.7,1435,7.1,37,1244,69.5,10.4,1010.2,1021.7,2227,1015.9,230,1018.6,11.2,7.9,1300,2.37,16.54,,,,,,5.4,3.6,16.4,8.3,,,,,,,,,,2.8,4,,
156,2023-10-21,12.5,8.5,707,17.8,1222,1,.3,1326,.4,1255,.4,7.1,270,1300,3.1,230,1135,1.1,949,7.1,50,1049,70.6,10.2,1014.2,1024.4,2347,1021.2,1548,1022.7,11.1,7.7,1000,2.34,13.64,,,,,,1.4,1.3,14.5,4.7,,,,,,,,,,2,2.8,,
156,2023-10-22,12.9,7.3,649,19,1504,,,,,,,2.8,230,1500,1.4,230,1509,.3,236,9.7,54,1306,82.8,12.1,1016,1025.7,823,1023.1,1655,1024.5,11.1,5.9,1200,1.76,12.21,,,,,,6.1,1.6,15.1,3.9,,,,,,,,,,1.7,2.4,,
156,2023-10-23,14.9,9.7,622,21.5,1336,,,,,,,4.4,290,1428,2.5,270,1430,.5,413,10.9,46,1342,80.4,13.1,1015.2,1025.8,815,1021.5,1634,1023.6,11.1,9.3,1200,2.61,16.46,,,,,,.5,.5,18.1,6.2,,,,,,,,,,2.4,3.5,,
156,2023-10-24,15,9.6,545,21.1,1412,,,,,,,3.1,200,1206,1.9,180,1430,.5,427,10.7,42,1554,78.3,12.9,1012.6,1023.2,748,1018.4,1643,1021,11,7.6,1300,1.84,12.84,,,,,,4.3,1.9,16.3,6.6,,,,,,,,,,1.9,2.7,,
156,2023-10-25,17.2,11.7,652,23.7,1444,,,,,,,3.5,290,1833,1.5,290,1415,.5,451,14.3,51,1445,85.3,16.4,1010.3,1020.6,52,1016.5,1444,1018.7,11,9.7,1200,2.47,16.24,,,,,,.6,.5,20.2,8.6,,,,,,,,,,2.5,3.5,,
156,2023-10-26,17.8,13.3,632,23.5,1527,.58,0,,0,,0,5.7,290,1700,2.4,230,1616,.9,738,15.4,54,1647,88,17.6,1007.9,1018.6,1,1013.9,1606,1016.2,11,9,1200,2.38,15.11,,,,,,4.5,2.8,20.6,9.6,,,,,,,,,,2.4,3.4,,
156,2023-10-27,15.6,12.5,2400,19.8,1351,,,,,,,5.6,290,1203,2.1,320,1230,.8,709,10.3,45,1339,73.3,12.7,1007.4,1018.5,2340,1013.5,1454,1015.8,10.9,9.7,1200,2.62,16.93,,,,,,1.4,1.4,18.9,7.7,,,,,,,,,,2.4,3.4,,
156,2023-10-28,14.9,9.1,704,20.9,1407,,,,,,,4.5,50,1427,2.1,50,1429,.6,544,11.3,45,1545,81.6,13.4,1010.7,1020.4,2146,1017.5,1424,1019.1,10.9,9.8,1200,2.49,16.26,,,,,,0,0,16.9,5.7,,,,,,,,,,2.3,3.3,,
156,2023-10-29,16,10.4,700,22.6,1433,,,,,,,3.5,200,1221,2.1,200,1226,.5,453,12.1,46,1454,81,14.2,1013.2,1023,2213,1019.9,1442,1021.5,10.9,9.8,1200,2.55,15.9,,,,,,2.1,1.1,18.5,6.3,,,,,,,,,,2.5,3.6,,
156,2023-10-30,16.1,11.2,619,22.1,1545,,,,,,,3.4,340,1731,1.5,270,1143,.5,423,12.4,46,1416,82.1,14.5,1014.5,1024.1,939,1021.1,1459,1022.9,10.8,9.7,1200,2.49,16.11,,,,,,.6,0,18.4,6.7,,,,,,,,,,2.5,3.5,,
156,2023-10-31,15.7,9.6,710,23.2,1340,,,,,,,4,290,1354,1.9,270,1423,.7,566,10.5,24,1327,75.1,12.7,1014.6,1024.8,908,1021.2,1514,1022.9,10.8,9.6,1200,2.5,16.08,,,,,,.8,.8,17.1,5,,,,,,,,,,2.7,3.8,,
156,2023-11-01,18.6,13.1,608,24.9,1455,,,,,,,7.5,230,1550,4.1,230,1629,1.2,1051,15.7,55,1537,85,18,1012.1,1022.2,1,1018.4,1408,1020.4,10.8,7.4,1100,2.17,13.75,,,,,,3.6,3.6,21.1,9.5,,,,,,,,,,2.3,3.3,,
156,2023-11-02,19.7,15.1,451,27,1441,,,,,,,6,270,1421,3,200,1648,1.1,966,14.4,34,1545,74.9,16.5,1010.7,1020.9,917,1016.8,1645,1018.9,10.7,9.3,1200,2.45,15.46,,,,,,1.8,1.8,21.3,9.9,,,,,,,,,,2.9,4.1,,
156,2023-11-03,19.4,14.4,631,25.9,1358,,,,,,,6.8,270,1123,3.2,230,1151,1,893,16.6,58,1433,85.1,18.9,1008.7,1017.9,2342,1014.8,1431,1016.9,10.7,7.7,1200,2.39,13,,,,,,2.8,2.3,19.7,10,,,,,,,,,,2.1,3,,
156,2023-11-04,20,16.9,700,24.8,1313,1.95,,,,,.4,6,140,1530,3,180,1533,.7,564,18.7,70,1315,93.3,21.5,1011.4,1021.4,2243,1017.8,4,1019.6,10.7,2.5,1100,2.03,9.14,,,,,,6.5,3.8,21.1,14.1,,,,,,,,,,1.4,2,,
156,2023-11-05,20.7,18.6,213,24.2,1117,6.73,,,,,1.8,9.8,200,1404,4.5,180,1240,1.8,1567,19.5,69,1141,93.3,22.6,1008.1,1021,116,1009.1,2400,1016.3,10.6,2,1100,1.56,6.88,,,,,,8.5,4,19.6,15.7,,,,,,,,,,1.1,1.6,,
156,2023-11-06,16.2,12.2,2400,22.5,103,8.02,,,,,26.8,12.9,200,421,5.6,270,743,3.1,2676,11.9,45,1614,77.8,15,1003.7,1018.3,2400,1005.1,413,1012,10.6,3,1400,1.56,7.35,,,,,,7.3,5.1,17.1,10.8,,,,,,,,,,1.7,2.5,,
156,2023-11-07,10.8,6.5,2400,14.8,1343,.08,,,,,0,8.8,70,1117,3.3,320,5,1.7,1444,4.3,49,1537,65.3,8.4,1013.4,1024.3,1935,1018.2,1,1021.9,10.6,6.1,1300,2.25,11.97,,,,,,3.4,3.4,12.2,2.4,,,,,,,,,,1.9,2.7,,
156,2023-11-08,11.4,3.6,706,19,1501,,,,,,,5,290,1440,2.5,270,1449,.8,676,3.8,36,1246,62.8,8.1,1013.8,1024.4,917,1020.4,1423,1022.3,10.5,8.2,1100,2.33,14.74,,,,,,1.9,1,11.7,-.9,,,,,,,,,,2.3,3.2,,
156,2023-11-09,15.4,8.6,609,20.6,1246,5.45,,,,,14.7,4.1,200,1823,2.4,180,1828,.7,570,12.9,67,1131,85.8,15.1,1011.7,1022.6,16,1017.9,1712,1020,10.5,3.9,1000,1.71,9.22,,,,,,6.6,5.5,14.4,5,,,,,,,,,,1.3,1.9,,
156,2023-11-10,8.5,3.2,2333,15.6,1,3.17,,,,,3.5,9,50,1340,4.8,50,1300,2.4,2048,1.9,34,1307,65.4,7.5,1015.7,1028.4,2305,1019.2,10,1024.3,10.5,8.2,1300,2.31,13.04,,,,,,4.9,2.6,11.8,.5,,,,,,,,,,2.2,3.1,,
156,2023-11-11,5.5,1.8,715,10.2,1437,,,,,,,7.8,70,3,4.3,70,5,1.7,1495,-3,27,1237,56.5,5,1019.5,1030.3,1036,1026.4,1434,1028.3,10.5,7.3,1200,2.24,13.25,,,,,,5.3,3.4,8.4,-.6,,,,,,,,,,2,2.9,,
156,2023-11-12,5.7,3.5,2357,9.5,1405,,,,,,,8.4,320,1123,3.5,50,1513,1.8,1566,-.5,49,1322,64.6,5.9,1018.9,1029,53,1025.8,1409,1027.6,10.4,6.5,1100,1.84,11.53,,,,,,6.3,6.3,9.1,.9,,,,,,,,,,1.6,2.3,,
156,2023-11-13,5.4,1.6,446,10,1427,,,,,,,7.7,50,1241,4.1,50,1041,1.9,1624,-.3,44,1234,68.4,6.1,1019.8,1030.1,915,1027.4,303,1028.6,10.4,8.8,1200,2.41,14.96,,,,,,2.1,2.1,8.2,-1.6,,,,,,,,,,1.9,2.7,,
156,2023-11-14,8.2,3.9,45,13.2,1234,,,,,,,5.6,70,1151,3.2,50,1159,.9,743,3.5,51,1234,74,7.9,1018.5,1029,1,1025.6,1540,1027.2,10.4,3.5,1100,2.26,9.25,,,,,,6.4,6.4,8,-.6,,,,,,,,,,1.2,1.7,,
156,2023-11-15,8.7,4.2,538,15,1517,,,,,,,4.6,290,1507,2.4,270,1432,.7,574,4.8,47,1536,79.1,8.6,1019.4,1029.7,813,1026.8,1654,1028,10.3,7.6,1200,2.36,12.77,,,,,,2,.9,9.2,-.2,,,,,,,,,,1.7,2.5,,
156,2023-11-16,7.2,5.5,406,8.3,922,8.47,,,,,12.7,5.1,270,1317,2.3,70,1225,.7,599,6.5,82,914,96.3,9.7,1012.4,1027.5,8,1017.8,2227,1021,10.3,0,900,.39,2.57,,,,,,8.6,5.9,7.6,2.6,,,,,,,,,,.4,.6,,
156,2023-11-17,4.9,.4,2206,8.4,1044,12.25,,,,,9.3,9.5,320,1712,4,270,1241,1.2,1071,2.8,56,936,87.5,7.6,1007.1,1018.1,1,1013.2,1341,1015.8,10.3,3.6,1000,1.68,7.53,1,2256,1,2256,1,8.8,7.5,7.8,1,,,,,,,,,,.8,1.1,,
156,2023-11-18,4.6,-.8,627,8,1510,2.97,,,,,1.5,9.6,320,311,4,20,409,1.4,1214,1,65,1512,78.8,6.6,1011.5,1022.4,2329,1014.5,117,1020.2,10.3,1.8,1500,.81,4.56,3.3,510,3.8,510,3.3,7.5,7.5,5.3,1,,,,,,,,,,.7,1,,
156,2023-11-19,9.2,3,441,14.6,1327,,,,,,,7.1,270,1615,3.6,270,1617,1,844,6.6,60,1446,85.4,9.8,1011.3,1022.3,1,1017.2,1646,1019.9,10.3,5.7,1100,2.09,11.45,,,,,,,,8.4,-1.2,,,,,,,,,,1.5,2.2,,
156,2023-11-20,9,4.6,648,15.4,1413,,,,,,,5.6,70,331,3,70,436,1.1,960,1.3,26,1512,61.9,6.8,1015.2,1025.3,959,1020.3,7,1023.8,10.2,9.4,1200,2.28,14.36,,,,,,0,0,9,-.6,,,,,,,,,,2.1,2.9,,
156,2023-11-21,8.8,2.3,541,16.5,1503,,,,,,,5.4,270,1258,2.8,270,1259,.6,557,5,43,1535,80.4,8.8,1013.7,1024.9,1,1020,1458,1022.3,10.2,9.3,1200,2.27,14.21,,,,,,0,0,8.6,-2.6,,,,,,,,,,1.9,2.7,,
156,2023-11-22,11.3,3.9,632,18.7,1428,,,,,,,6,230,1333,3.1,250,1340,.9,791,9,61,1429,87.4,11.7,1009.2,1021.3,220,1014.8,2116,1017.7,10.2,8.8,1100,2.12,13.2,,,,,,2.6,2.5,10.5,-.3,,,,,,,,,,1.8,2.5,,
156,2023-11-23,13.3,7.1,2357,19,1402,.83,,,,,0,8.1,360,2007,4,270,1504,1.5,1261,10.5,60,1421,84.4,13,1007.2,1021.2,2355,1011.9,1253,1015.6,10.2,6,1100,1.7,10.16,,,,,,6.9,6.6,13.6,6.6,,,,,,,,,,1.8,2.5,,
156,2023-11-24,4,.8,2400,7.3,52,1.3,,,,,0,10.8,70,1238,4.9,50,1535,3,2615,-3.5,46,1515,58.1,4.8,1019.8,1032.7,2340,1021,52,1028.6,10.1,1.5,1300,1.57,5.84,,,,,,6,6,5.9,-.7,,,,,,,,,,1.2,1.7,,
156,2023-11-25,1.9,-1.8,723,7.1,1409,,,,,,,8.5,70,326,3.9,70,427,1.8,1588,-10.6,16,1207,42.8,2.8,1023.1,1035,929,1029.9,1631,1032.1,10.1,,,,,,,,,,0,0,4.1,-4.2,,,,,,,,,,,,,
156,2023-11-26,5.3,-1.3,608,11.5,1256,.72,,,,,0,4.2,90,1251,2.1,50,1322,.7,577,-3.8,21,1229,52.9,4.7,1016.2,1030.5,1,1020.5,2352,1025,10.1,,1200,1.89,,,,,,,5.3,3.8,4.7,-4.7,,,,,,,,,,1,1.5,,
156,2023-11-27,8.9,6.5,352,12.1,1525,3.25,,,,,.9,4.1,290,1907,2,270,1916,.5,471,5.9,57,1,82,9.5,1007.8,1020.5,1,1013.9,1458,1016.4,10.1,.4,1400,.86,4.23,,,,,,6.8,5.1,8.9,3.9,,,,,,,,,,.6,.9,,
156,2023-11-28,6.4,3.3,2354,9.3,1218,.32,,,,,.3,5.5,340,1358,2.9,50,956,1,839,1.1,48,1107,70.6,6.7,1013.5,1024.7,2358,1017.4,11,1022.2,10,6.8,1100,2.01,11.14,,,,,,2.8,2.8,6.6,-1.4,,,,,,,,,,1.3,1.9,,
156,2023-11-29,5.5,2.4,708,8.2,1418,2,,,,,0,6,20,2202,2.8,20,2059,.8,681,1.3,58,1536,75.6,6.8,1016.6,1027.6,2247,1023.8,1435,1025.4,10,2.4,1000,1.16,5.96,,,,,,8.5,7.5,6,-1,,,,,,,,,,1,1.4,,
156,2023-11-30,1.2,-1,2355,4.4,1,,,,,,,8,50,1455,4.4,50,1457,2.1,1832,-5,44,1243,64.3,4.2,1019.8,1031.1,928,1027.4,46,1028.7,10,6.3,1200,2.24,12.45,,,,,,5.6,4.8,4.7,-4.4,,,,,,,,,,1.4,2,,
156,2023-12-01,1.7,-1,1,5.2,1446,6.67,,,,,0,7.2,70,1218,4,50,1220,1.3,1135,-2.9,51,1447,72.4,4.9,1018,1028.1,2348,1025.5,1414,1026.9,10,2.9,1400,1.37,8.33,,,,,,7.3,6.5,5.2,-4.3,,,,,,,,,,.9,1.3,,
156,2023-12-02,4.1,-.1,611,6.8,2306,.42,,,,,0,3.5,70,51,1.7,230,2236,.6,513,-.1,62,1324,74.4,6.2,1018.2,1029.3,951,1025.4,1632,1027,10,0,1300,.79,4.35,,,,,,8.8,8.8,4.4,-4.3,,,,,,,,,,.6,.9,,
156,2023-12-03,5.5,1.7,2350,9.6,1320,.38,,,,,0,4.7,70,734,2.4,70,738,.9,813,.6,46,1435,72,6.4,1018,1028.5,1046,1025.6,38,1026.8,9.9,9,1100,2.02,12.57,,,,,,1.4,1.4,6.4,-4.3,,,,,,,,,,1.5,2.2,,
156,2023-12-04,4.4,-1.4,715,9.6,1434,,,,,,,2.8,270,1148,1.6,270,1155,.4,369,-.9,35,1336,71.8,5.7,1013.8,1026.9,1,1019.7,1515,1022.5,9.9,6.7,1100,2.07,11.18,,,,,,3.9,.6,4.1,-6.7,,,,,,,,,,1.3,1.8,,
156,2023-12-05,7.6,1.9,612,15,1502,,,,,,,4,270,1539,1.8,270,1547,.5,474,1.6,39,1209,68.8,6.9,1009.1,1020.3,1,1015.4,1418,1017.8,9.9,8.4,1200,2,11.71,,,,,,3.4,.4,7.1,-2.5,,,,,,,,,,1.6,2.2,,
156,2023-12-06,8.7,3.6,734,14.7,1458,.45,,,,,.4,9.2,250,1727,4.7,230,1728,1.2,1029,6.2,68,1424,85.5,9.7,1004.4,1017.7,42,1007.4,1717,1012.9,9.9,.7,1100,1.18,6.2,,,,,,7.4,4.5,7.4,-.7,,,,,,,,,,1,1.4,,
156,2023-12-07,8.7,4.9,740,13.5,1457,,,,,,,7.5,320,45,2.7,230,1335,1.2,1070,-.2,37,1335,54.8,6.1,1008.9,1018.8,1025,1014,1,1017.5,9.9,8.7,1200,1.95,12.05,,,,,,0,0,8,-1.7,,,,,,,,,,1.9,2.7,,
156,2023-12-08,14.1,6.4,654,19.9,1405,,,,,,,10.6,200,1338,5.1,230,1344,2.1,1775,9.6,54,1230,75.6,12.1,1007.9,1018.4,1,1013.9,1500,1016.3,9.9,8.5,1200,1.94,11.37,,,,,,2.1,2.1,10.6,.8,,,,,,,,,,2,2.8,,
156,2023-12-09,15.9,12.6,711,20.2,1520,,,,,,,5.7,270,1458,2.9,200,1305,1.3,1141,13.9,67,1408,89.1,15.9,1010.2,1020.9,2307,1016.3,41,1018.6,9.9,3.4,1100,1.14,7.66,,,,,,5.3,3.4,12.8,7.1,,,,,,,,,,1.2,1.6,,
156,2023-12-10,15.3,11.4,735,20.3,1455,2.38,,,,,1.4,5,200,1817,2.1,180,1818,.6,505,13.3,67,1515,89,15.3,1012.9,1023,1029,1019.6,1416,1021.3,9.9,2.4,1400,1.56,6.93,,,,,,8.3,7,15.8,7.2,,,,,,,,,,1.1,1.6,,
156,2023-12-11,13.3,12.6,559,14.3,1154,18.87,,,,,21.4,7.9,70,802,4.4,70,809,1.3,1084,13.1,99,1,99,15.1,1005.2,1021.7,1,1008.3,1614,1013.6,9.9,0,1000,.2,1.68,,,,,,10,7.5,12.9,12,,,,,,,,,,.4,.5,,
156,2023-12-12,9.4,8.3,958,13.2,39,6.13,,,,,.2,5.8,270,629,3.4,270,347,1.2,996,9.2,99,1,99,11.6,1011,1026.2,2335,1011.1,9,1019.5,9.8,.2,1500,.56,2.64,,,,,,9.3,9.3,11.3,9,,,,,,,,,,.4,.6,,
156,2023-12-13,10.8,6.9,732,15.3,1428,,,,,,,4.9,70,1531,2.8,70,1659,.9,779,8.5,61,1432,86.6,11.1,1018.4,1028.4,1021,1025.6,1533,1027,9.8,2.4,1300,1.91,8.64,,,,,,8.1,7.1,11.6,3,,,,,,,,,,1.1,1.6,,
156,2023-12-14,11.4,10.4,610,12.1,1319,15.2,,,,,19.4,4,320,2120,2.3,70,355,.9,776,10.6,78,418,93.1,12.8,1011.9,1026.9,1,1015.5,2400,1020.4,9.8,0,1200,.52,1.53,,,,,,9.8,8.6,10.7,8.3,,,,,,,,,,.3,.5,,
156,2023-12-15,11,6.8,2356,16.7,748,17.08,,,,,27.1,6.8,270,1014,3.5,230,717,1.5,1258,10.8,98,1818,99,13.2,1005.4,1018.9,2351,1010.1,711,1013.9,9.8,0,1500,.36,1.65,,,,,,10,8.5,12,6.8,,,,,,,,,,.3,.4,,
156,2023-12-16,.3,-3,2339,6.8,1,22.67,,,,,7.5,7.3,320,208,2.8,290,235,1.5,1304,.2,92,446,98.8,6.3,1015.4,1029.6,2356,1018.1,21,1024.4,9.8,.4,1000,.73,3.73,11,2322,11,2322,11,10,8.4,4,.7,,,,,,,,,,.4,.5,,
156,2023-12-17,-4.3,-6.2,2345,-1.7,1434,4.58,,,,,0,6.4,20,357,4,50,1432,2.2,1909,-7.9,59,1512,76.5,3.4,1024.2,1036.1,2311,1029.5,10,1033.4,9.8,7,1400,.6,4.21,.1,900,11,1,.1,4.4,4.4,2.5,-4,,,,,,,,,,.5,.8,,
156,2023-12-18,-2.3,-6.7,235,1.1,1327,,,,,,,6.8,70,1144,4,70,1242,2.1,1855,-7.3,54,1329,68.8,3.6,1024.8,1036.9,308,1031.7,1526,1033.9,9.8,4.3,1100,1.55,7.84,,,1.9,1,,7.8,3,.4,-5.1,,,,,,,,,,.9,1.3,,
156,2023-12-19,1.7,-1.8,701,4.3,1123,,,,,,,5.5,70,249,3.6,70,338,1.5,1286,-4.2,44,957,65.5,4.5,1019.1,1032.1,1,1026.5,1432,1028,9.8,1.5,1100,1.53,6.04,,,,,,7.5,7.4,2.5,-4.1,,,,,,,,,,.7,1,,
156,2023-12-20,-1.6,-6.5,2349,2.7,212,21.12,,,,,.9,6.8,290,303,3.5,50,1907,1.5,1338,-2.7,69,839,92.4,5.1,1018.4,1028.6,2131,1026,120,1027.5,9.8,2.4,1000,1.22,6.14,3.1,2155,3.1,2155,4.1,7.5,6.5,2.7,-3.4,,,,,,,,,,.4,.6,,
156,2023-12-21,-6.4,-8.1,714,-3.5,1351,12.9,,,,,.5,7,70,528,4.1,70,602,1.9,1631,-8.7,65,1558,83.9,3.2,1021.4,1033.4,2259,1027.1,427,1030.6,9.8,5.3,1300,1.69,9.47,3.4,630,6.4,630,3.4,5.6,5.6,1.5,-3.7,,,,,,,,,,.7,1,,
156,2023-12-22,-5.8,-9.6,747,-1.4,1437,2.27,,,,,0,6.7,70,919,4.1,70,957,2.2,1925,-10,53,1501,73.5,2.9,1026.9,1039,2330,1031.9,128,1036.1,9.8,9.1,1200,2.16,12.93,1.3,355,3.6,355,1.3,1.4,1.4,.6,-8.8,,,,,,,,,,1,1.5,,
156,2023-12-23,-2.1,-7.3,503,2.8,1500,,,,,,,5.4,70,210,3.4,70,215,1.2,1058,-6.3,52,1457,73.6,3.9,1027.7,1039.2,653,1034,2347,1036.8,9.8,8.4,1100,1.86,11.13,,,2.1,1,,3.6,1,0,-9.5,,,,,,,,,,.9,1.4,,
156,2023-12-24,.3,-1.6,421,3.2,1236,9.97,,,,,.1,4,320,1728,1.6,20,1545,.5,474,-1.5,65,1626,88.3,5.5,1022.6,1034,1,1029.8,2350,1031.6,9.8,3.2,1100,1.35,7.02,2.4,750,2.4,750,2.4,7.9,7,2.2,-4.5,,,,,,,,,,.6,.9,,
156,2023-12-25,1.2,-1.7,746,4.7,1241,3.5,,,,,0,5.6,340,1429,2.1,290,1342,.7,623,-1.1,57,1431,84.9,5.6,1021.6,1031.7,1015,1029.2,401,1030.5,9.8,3.1,1200,1.32,7.39,,,,,,6.4,6.4,2.5,-5.4,,,,,,,,,,.7,1,,
156,2023-12-26,3.5,-.7,145,8.7,1425,,,,,,,4.3,290,1635,1.7,50,1449,.7,592,.6,58,1434,83.3,6.4,1022,1032.1,2358,1029.1,1428,1030.9,9.8,5.6,1100,1.65,9.7,,,,,,8.3,7.1,3.8,-5.9,,,,,,,,,,1,1.4,,
156,2023-12-27,4.9,.9,807,10.8,1450,,,,,,,3.3,230,1238,1.8,230,1243,.6,543,2.3,52,1451,85.5,7.2,1021.8,1032.4,1029,1029.2,1415,1030.6,9.8,8,1200,1.9,11.08,,,,,,2.6,1.8,4.8,-3.7,,,,,,,,,,1.2,1.8,,
156,2023-12-28,3.5,-.2,805,9.4,1516,,,,,,,5.4,70,1550,2.9,50,1558,1,877,1.3,60,1520,87.4,6.7,1020.2,1030.1,1048,1027.4,1526,1029.1,9.8,5.1,1400,1.42,7.95,,,,,,1.1,1.1,3.7,-5,,,,,,,,,,1,1.4,,
156,2023-12-29,3.2,-.9,659,8.7,1410,,,,,,,3.8,320,1612,2.1,270,1413,.8,683,.5,57,1411,84.3,6.3,1018.4,1029.9,214,1025.2,2228,1027.2,9.8,7.9,1200,1.86,10.94,,,,,,.6,0,3.3,-6,,,,,,,,,,1.1,1.6,,
156,2023-12-30,3.9,-.7,753,8,1644,4.92,,,,,.5,2.8,70,1956,1.6,90,1842,.6,484,2.3,59,1644,90.3,7.3,1009.5,1025.2,1,1012.9,2316,1018.3,9.8,.9,1000,.98,5.36,,,,,,6.8,4.9,3.6,-5.1,,,,,,,,,,.6,.8,,
156,2023-12-31,5.9,4.8,2309,8,447,9.05,,,,,.8,9.4,290,518,4,270,523,1.6,1393,4.2,81,1915,89.6,8.3,1010.9,1026.5,2357,1012.8,447,1019.6,9.8,.1,900,.38,1.92,,,,,,9.4,7.9,5.5,3.9,,,,,,,,,,.4,.6,,
